phase1_id,title,date,source_url,live_id,matched_by
CA001,Let the rule of law reign in Asean,2023-10-23,https://opinion.inquirer.net/167388/let-the-rule-of-law-reign-in-asean,CA092,title
CA002,A subtle reminder to EEZ negotiators,2023-01-16,https://opinion.inquirer.net/160333/a-subtle-reminder-to-eez-negotiators,CA120,title
CA003,Pivotal issue in Duterte's ICC case,2025-03-24,https://opinion.inquirer.net/181839/pivotal-issue-in-dutertes-icc-case,CA003,title
CA004,Due process in impeachment,2012-01-14,https://opinion.inquirer.net/21127/due-process-in-impeachment,CA004,title
CA005,Due process and judicial compensation,2011-07-03,https://opinion.inquirer.net/7199/due-process-and-judicial-compensation,CA005,title
CA006,Judicial activism in the Philippines,2023-04-10,https://opinion.inquirer.net/162259/judicial-activism-in-the-philippines,CA111,title
CA007,The rule of law in the besieged China Sea,2024-02-19,https://opinion.inquirer.net/171013/the-rule-of-law-in-the-besieged-china-sea,CA080,title
CA008,The rule of law in the besieged world,2024-02-12,https://opinion.inquirer.net/170774/the-rule-of-law-in-the-besieged-world,CA081,title
CA009,Enforcing the Arbitral Award,2021-06-13,https://opinion.inquirer.net/141119/enforcing-the-arbitral-award,CA009;CA313,title
CA010,Understanding the arbitral award,2019-08-04,https://opinion.inquirer.net/123043/understanding-the-arbitral-award,CA010,title
CA011,The rule of law in th'WPS is ours—no ifs and buts',2019-07-28,https://opinion.inquirer.net/122903/wps-is-ours-no-ifs-and-buts,CA011,source link
CA012,'Might is right' vs 'Right is might',2021-04-25,https://opinion.inquirer.net/139623/might-is-right-vs-right-is-might,CA184,title
CA013,Winning the war to exploit our EEZ,2019-08-25,https://opinion.inquirer.net/123532/winning-the-war-to-exploit-our-eez,CA013,title
CA014,Extracting WPS resources beyond the arbitral award,2019-08-18,https://opinion.inquirer.net/123392/extracting-wps-resources-beyond-the-arbitral-award,CA014,title
CA015,AFP's role under the rule of law,2021-02-21,https://opinion.inquirer.net/137908/afps-role-under-the-rule-of-law,CA015,title
CA016,"Rule of, or by, law",2018-02-02,https://opinion.inquirer.net/110720/rule-of-or-by-law,,"NOT CJP — by Michael L. Tan ('Pinoy Kasi'), verified 23 Sep 2026; never add; CA529 void"
CA017,ICC: The temporal vs the strategic,2023-08-07,https://opinion.inquirer.net/165376/icc-the-temporal-vs-the-strategic,CA100,title
CA018,"ICC prosecutor targets DOJ, OSG",2023-02-27,https://opinion.inquirer.net/161338/icc-prosecutor-targets-doj-osg,CA116,title
CA019,President Marcos' ICC options,2023-12-11,https://opinion.inquirer.net/168916/president-marcos-icc-options,CA087,title
CA020,"Defeat for Trump, victory for rule of law",2020-12-27,https://opinion.inquirer.net/136462/defeat-for-trump-victory-for-rule-of-law,CA020,title
CA021,"An amparo success, though not yet complete",2024-05-13,https://opinion.inquirer.net/173652/an-amparo-success-though-not-yet-complete,CA072,title
CA022,"Yes, the Supreme Court can!",2014-06-01,https://opinion.inquirer.net/75174/yes-the-supreme-court-can,CA022,title
CA024,"Martial law, authoritarian rule and Cha-cha",2017-10-01,https://opinion.inquirer.net/107543/martial-law-authoritarian-rule-cha-cha,CA024,title
CB001,"AI fortifies liberty, prosperity, rule of law",2024-09-09,https://opinion.inquirer.net/176671/ai-fortifies-liberty-prosperity-rule-of-law,CB001,title
CB002,Protecting and projecting national interest,2024-11-25,https://opinion.inquirer.net/178623/protecting-and-projecting-national-interest,CE030,title
CB003,Law scholarships with a difference,2019-02-17,https://opinion.inquirer.net/119605/law-scholarships-with-a-difference,CB003,title
CB004,Negative versus positive,2021-10-31,https://opinion.inquirer.net/145837/negative-versus-positive,CB004,title
CB005,Merging law and economics,2019-11-03,https://opinion.inquirer.net/124992/merging-law-and-economics,CB005,title
CB006,Unleashing entrepreneurial ingenuity (1),2015-03-01,https://opinion.inquirer.net/82941/unleashing-entrepreneurial-ingenuity-1,CB006,title
CB007,SC decisions on the economy,2013-04-27,https://opinion.inquirer.net/51551/sc-decisions-on-the-economy,CB007,title
CC001,Joy in writing for the Inquirer,2017-02-12,https://opinion.inquirer.net/101589/joy-writing-inquirer,CC001,title
CC002,"Jovito R. Salonga, my guru and surrogate father",2016-03-20,https://opinion.inquirer.net/93911/jovito-r-salonga-my-guru-and-surrogate-father,CC002,title
CC003,"My Leni as mom, grand mom, and professor",2023-04-24,https://opinion.inquirer.net/162603/my-leni-as-mom-grand-mom-and-professor,CC042,title
CC004,"Diokno, Salonga and Teehankee",2018-04-29,https://opinion.inquirer.net/112794/diokno-salonga-teehankee,CC004,title
CC005,Right man for the right job,2014-02-01,https://opinion.inquirer.net/70776/right-man-for-the-right-job,CC005,title
CC006,For the alumni of Mapa High,2014-03-02,https://opinion.inquirer.net/72137/for-the-alumni-of-mapa-high,CC006,title
CC007,Bar exams and legal education (1),2014-09-07,https://opinion.inquirer.net/78226/bar-exams-and-legal-education-1,CC007,title
CC008,"'Keep doing my best, let God do the rest'",2015-01-04,https://opinion.inquirer.net/81448/keep-doing-my-best-let-god-do-the-rest,CC008,title
CC009,Overwhelmed with honor and joy,2022-01-02,https://opinion.inquirer.net/148215/overwhelmed-with-honor-and-joy,CC009;SC025,title
CC010,"Reminiscing, praying, and caring",2022-04-18,https://opinion.inquirer.net/152153/reminiscing-praying-and-caring,CC048;SC024,title
CC011,Supercalifragilisticexpialidocious,2023-10-30,https://opinion.inquirer.net/167631/supercalifragilisticexpialidocious,CC037,title
CC012,The bar exam and the legends of the bar,2024-09-16,https://opinion.inquirer.net/176846/the-bar-exam-and-the-legends-of-the-bar,CC012,title
CC013,Why my best friends are my best critics,2019-11-17,https://opinion.inquirer.net/125281/why-my-best-friends-are-my-best-critics,CC013,title
CC014,Student activism,2024-05-06,https://opinion.inquirer.net/173470/student-activism,CC032,title
CC015,"Manila Cathedral: sad news, good news",2012-04-07,https://opinion.inquirer.net/26335/manila-cathedral-sad-news-good-news,CC015,title
CC016,New evangelization of Catholic Church,2016-07-24,https://opinion.inquirer.net/95902/new-evangelization-of-catholic-church,CC016,title
CC017,Cyberlibel and Maria Ressa,2020-06-21,https://opinion.inquirer.net/130986/cyberlibel-and-maria-ressa,CC017,title
CD001,11 LibPros scholars,2016-11-27,https://opinion.inquirer.net/99561/11-libpros-scholars,CD001,title
CD002,"Never give up, never say never",2023-07-31,https://opinion.inquirer.net/165185/never-give-up-never-say-never,CD016,title
CD003,"20 law grants at P250k, 5 MBA at P500k",2025-08-25,https://opinion.inquirer.net/185590/20-law-grants-at-p250k-5-mba-at-p500k,CD003,title
CD004,FLP expanding into prosperity,2022-04-11,https://opinion.inquirer.net/151988/flp-expanding-into-prosperity,CD018,title
CD005,"For FLP scholars, little things mean a lot",2020-05-10,https://opinion.inquirer.net/129657/for-flp-scholars-little-things-mean-a-lot,CD005,title
CD006,"'Liberty, prosperity, rule of law'",2021-07-25,https://opinion.inquirer.net/142416/liberty-prosperity-rule-of-law,CD020,title
CD007,"FLP's 21 scholars, 10 winners, and 5 fellows",2022-08-08,https://opinion.inquirer.net/155854/flps-21-scholars-10-winners-and-5-fellows,CD017,title
CD008,"FLP's 2024 law scholars, fellows, and winners",2024-09-02,https://opinion.inquirer.net/176505/flps-2024-law-scholars-fellows-and-winners,CD008,title
CD009,Hail to the FLP bar topnotchers and passers,2026-01-12,https://opinion.inquirer.net/188943/hail-to-the-flp-bar-topnotchers-and-passers,CD009,title
CD010,Supreme Court's SPJI: Reminiscing the past,2022-11-14,https://opinion.inquirer.net/158705/supreme-courts-spji-reminiscing-the-past,CA128,title
CE001,Rejuvenating Baguio,2025-01-13,https://opinion.inquirer.net/179947/rejuvenating-baguio,CE001,title
CE003,Relentless defender of PH sovereignty,2026-03-30,https://opinion.inquirer.net/190728/relentless-defender-of-ph-sovereignty,CE003,title
CE004,"RA 6713, the 'Bible' of public officials",2025-10-27,https://opinion.inquirer.net/187016/ra-6713-the-bible-of-public-officials,CE004,title
CE005,Little known SC decisions,2024-07-15,https://opinion.inquirer.net/175164/little-known-sc-decisions,CA067,title
CE006,Powers of the Ombudsman,2024-04-08,https://opinion.inquirer.net/172746/powers-of-the-ombudsman,CA075,title
CE007,Liberalism vs conservatism,2024-09-30,https://opinion.inquirer.net/177172/liberalism-vs-conservatism,CE007,title
CE008,"Marital infidelity, abortion, PCP2",2024-10-07,https://opinion.inquirer.net/177347/marital-infidelity-abortion-pcp2,CE008,title
SA015,"Consensus, Rule of Law, Liberty, and Prosperity in ASEAN",2023-10-17,https://cjpanganiban.com/consensus-rule-of-law-liberty-and-prosperity-in-asean/,SA015,title
SA041,"The Bad, the Good, the Better and the Best News About Justice Carpio",2019-10-18,https://cjpanganiban.com/the-bad-the-good-the-better-and-the-best-news-about-justice-carpio/,SA041,title
SA136,Maraming Salamat Po,2006-12-06,https://cjpanganiban.com/maraming-salamat-po/,SA136,title
SB006,"Freedom for the Spirit, Food for the Body",2024-09-02,https://cjpanganiban.com/freedom-for-the-spirit-food-for-the-body/,SB006,title
SB063,Icons of Entrepreneurship and Nation Building,2016-04-19,https://cjpanganiban.com/icons-of-entrepreneurship-and-nation-building/,SB063,title
SB085,How the Judiciary Can Help the Economy,2012-11-29,https://cjpanganiban.com/how-the-judiciary-can-help-the-economy-2/,CA486;SB085,title
SC023,"So Unworthy and So Humbled, Yet So Honored and So Blessed",2022-07-07,https://cjpanganiban.com/so-unworthy-and-so-humbled-yet-so-honored-and-so-blessed/,SC023,title
SC059,The Blessings and Foibles of Being 80,2016-12-20,https://cjpanganiban.com/the-blessings-and-foibles-of-being-80/,SC059,title
SC130,Why I Am Who I Am Now,2007-05-24,https://cjpanganiban.com/why-i-am-who-i-am-now/,SC130,title
SD002,"Soon, a Futuristic Museum for Liberty and Prosperity",2025-08-29,https://cjpanganiban.com/soon-a-futuristic-museum-for-liberty-and-prosperity1-3/,SD002,title
SD021,A Fruitful Past Decade and a Hope-filled New Decade,2022-08-11,https://cjpanganiban.com/a-fruitful-past-decade-and-a-hope-filled-new-decade1/,SD021,title
SD033,Bequeathing My Legacy,2021-02-06,https://cjpanganiban.com/bequeathing-my-legacy/,SD033,title
SE001,Linda Manuel Mañalac is Love and Magnanimity Magnified,2026-04-27,https://cjpanganiban.com/linda-manuel-manalac-is-love-and-magnanimity-magnified/,SE001,title
SE012,"The PH Constitution and the Running Bulls of Technology: (AI, Genetic Engineering, Nanotech and Info)",2024-01-16,https://cjpanganiban.com/the-ph-constitution-and-the-running-bulls-of-technology-ai-genetic-engineering-nanotech-and-info/,SE012,title
SE013,Three AI Takeaways,2023-11-09,https://cjpanganiban.com/three-ai-takeaways1/,SE013,title
GC001,"Liberty and Prosperity (whole biography, one file — data_text/GC001.txt only)",,,GC001-GC035,split into 35 chapters
