doc_id,title,full_current_value,proposed_date,precision
GC002,The Boy Who Slept on Pavement,"Childhood, circa late 1940s",1947-01-01,approximate (late decade)
GC003,FEU and the Construction of Ambition,1955-1959,1955-01-01,period start
GC004,The Bar Exam and the Discipline of Pain,1960,1960-01-01,year
GC005,The Mentor and the Moral Spine,1961-1963,1961-01-01,period start
GC006,Independence by Design,1963-1990,1963-01-01,period start
GC007,Faith Finds Its Voice,mid-1980s onward,1985-01-01,approximate (mid-decade)
GC008,"Rotary, Earthquake, and the Test of Leadership",1990,1990-01-01,year
GC011,From Civic Leadership to National Visibility,early 1990s,1990-01-01,approximate (early decade)
GC012,The Call from Malacañang -- and the First Refusal,1992,1992-01-01,year
GC013,Seven Rejections,1992-1995,1992-01-01,period start
GC014,Ask. Seek. Knock.,July-August 1995,1995-07-01,month
GC015,The Bench,October 1995 - 2005,1995-10-01,month
GC017,Chief Justice,"December 20, 2005 - December 2006",2005-12-20,day
GC018,Retirement Without Retreat,December 2006 onward,2006-12-01,month
GC019,The Elder Statesman,2007-present (post-retirement),2007-01-01,year
GC020,EPILOGUE: The Judgment That Endures,Retrospective (closing),,UNRESOLVED
GC021,Chapter 1: Early Years,1936-1945,1936-01-01,period start
GC022,Chapter 2: Return to the City - Boyhood Years,1945-1954,1945-01-01,period start
GC023,Chapter 3: The Rise of the Student Leader,1955-1958,1955-01-01,period start
GC024,Chapter 4: The Law Student,1956-1960,1956-01-01,period start
GC025,Chapter 5: Keeper of Dreams,1958-1961,1958-01-01,period start
GC026,Chapter 6: The Lawyer,1961-1963,1961-01-01,period start
GC027,Chapter 7: Lawyer in the Marketplace,1963-1986,1963-01-01,period start
GC028,Chapter 8: Turning Point,1986,1986-01-01,year
GC029,"Chapter 9: Among Bishops, Cardinals and a Pope",1989-2002,1989-01-01,period start
GC030,Chapter 10: Appointment to the Supreme Court,1987-1995,1987-01-01,period start
GC031,Chapter 11: Associate Justice,1995-2005,1995-01-01,period start
GC032,Chapter 12: Guided by the Word,January 2001 (with Bilibid visit during tenure),2001-01-01,month
GC033,Chapter 13: 21st Chief Justice of the Philippines,"December 7, 2005 - December 7, 2006 (term as Chief Justice)",2005-12-07,day
GC034,Chapter 14: Liberty and Prosperity (Life after the Supreme C,"December 7, 2006 - present (post-retirement)",2006-12-07,day
GC035,Chapter 15: Papal Award,"circa 2024-2025 (papal investiture, age 89)",2024-01-01,period start
