doc_id,chapter,words_corpus,words_original,words_merged,footnotes_kept,headings_restored,paras_from_original,dup_paras_skipped
BA032,2,14211,12221,17679,119,21,59,31
BA033,3,1926,1650,2009,12,0,1,3
BA034,10,1470,1467,1624,0,4,6,2
BA035,11,3164,2982,3172,17,4,4,2
BA036,13,7873,9546,10034,11,7,31,20
BA037,14,8717,8770,10055,69,3,30,6
BA038,17,5659,5163,6097,31,7,11,4
BA039,19,4074,3428,4266,38,9,11,2
BB006,15,13086,13587,14821,75,7,37,15
BB007,16,5925,5396,5957,29,6,6,12
BC006,8,1678,1663,1678,2,0,0,1
BD010,1,1296,1312,1296,0,0,0,2
BD011,4,1587,1572,1662,0,0,1,1
BD012,5,1183,1196,1254,0,0,1,1
BD013,6,2277,2296,2342,0,0,1,2
BD014,7,808,808,808,1,0,0,1
BD015,9,735,561,735,5,0,0,0
BD016,12,3215,2029,3215,1,0,0,0
BD017,18,847,767,922,4,2,3,3
