doc_id,action,sha256_before,sha256_after,words_before,words_after,note
BA032,strip-yaml,eda5745d3fce351813b57b324eded3d18eb49596662dfde72cb04158cc79ee7b,662fa2b113d282deb7f45568809645990133c1d65823558a4cd2728fb583a262,14283,14224,C-1 / D-1 + D-12a: removed the leading --- front-matter block
BA033,strip-yaml,1b137073ebeb1fcb44d94c4038eca05bb431a1f7e1aedfb4972c4b3cfee925c3,2d7b604e35bac66b5d402ee440f304c71fa21fa17b5f21b49b8fd72d0c3797a7,1992,1936,C-1 / D-1 + D-12a: removed the leading --- front-matter block
BA034,strip-yaml,ac787dcb7b12b017d22996da052dfb4c753395aa6332277a4047077f8acb34c5,4b8c106a3a1191ec7698219ca851af15e696cde2cdb0b28769a0f392b9915182,1540,1482,C-1 / D-1 + D-12a: removed the leading --- front-matter block
BA035,strip-yaml,168040706629578677ca29b3a052dc7375cf687a8e64371b52621c36fe4950df,f4d4a3e6fb29d88a9822848acaf582b3f35d16cff2e2ae159a8fe64176dddbe7,3232,3175,C-1 / D-1 + D-12a: removed the leading --- front-matter block
BA036,strip-yaml,28684739680ab41e9b1b15b7fd06d9adb76288d9eb7fbd43a9ab410c12ebaa00,01d467eb2cc0a6154c3516822962402fbd43d889b434ce5eb5de09965a950bf4,7961,7894,C-1 / D-1 + D-12a: removed the leading --- front-matter block
BA037,strip-yaml,5e3f5f5637cfc70962b8b1e35a0ce7442421cc5e428af17122c5dba633fc7f46,3cbc861f570fafba5823b6b45790bcf92803e2502075f3bcdc8bc97a9d579cf5,8797,8734,C-1 / D-1 + D-12a: removed the leading --- front-matter block
BA038,strip-yaml,5bbbe91d0c218937ade7d6b5124ae29635f58611186b0af5faa8e6b71d91ac1d,540d87803886ece8f2577d9f74d596744637026974e3d52356bb599acb4247bb,5742,5677,C-1 / D-1 + D-12a: removed the leading --- front-matter block
BA039,strip-yaml,29e4c5f9babb4763c57b1e4e310e2c4b4d0b301aa209652f1b0e470834f1b27a,7a7b3554caeb74c6830ad11d29cc46f591a7e3762e4536a94e8fd27b6c76ad0c,14413,14347,C-1 / D-1 + D-12a: removed the leading --- front-matter block
BB006,strip-yaml,07b8c7e2d8284e44732b0bc4b22820779f1fe21cd8f463e5edf141fd083a333d,4f7c390dac68b46b148381fb01d212fee04df9d6ea637c1d199b20ad31a1947e,13173,13106,C-1 / D-1 + D-12a: removed the leading --- front-matter block
BB007,strip-yaml,3c9a99a3549a6601de77456ff0f68cfafd8a0bc8e45f036be74cf77d147bb6f4,4e9d3a997d66ce61facf6af8461b060a5cc01e9254fc41d46f397894088df822,6015,5947,C-1 / D-1 + D-12a: removed the leading --- front-matter block
BC006,strip-yaml,21e0960ec2c6e2e3afb26fba302ae7fcd70d086c3ae163cf0a46623394c195ba,4a0e36e4b36832241413a75a8afaf900831a962da4904b77e6464004f327ef44,1761,1702,C-1 / D-1 + D-12a: removed the leading --- front-matter block
BC007,strip-yaml,6fb1ecaadbd166ecd4d7c7e4641a237bc933d4ef0653321a7986e76c3134f60f,db76fd3b9dbc8d6ac67dc2fda36a26b907388f52fc45c533a8820a6029dedfb0,1329,1276,C-1 / D-1 + D-12a: removed the leading --- front-matter block
BC008,strip-yaml,37003bfe1f54fc812481ff6d815da14bbd767a0aa6d6468e5ea1693f6bcea826,5ca58f83761011440b469cfeab689099cc2840fc883fcf43d571b77737ba3d78,1802,1750,C-1 / D-1 + D-12a: removed the leading --- front-matter block
BD010,strip-yaml,4dde88095f773c3e5704e18b7026f90d355f6055e2f2c00508cd0b42b409f192,f3f40851c0f88477433bb1ca56bf1571f961dae740b540c49adde7a41090f586,1378,1319,C-1 / D-1 + D-12a: removed the leading --- front-matter block
BD011,strip-yaml,2de881a81bf45d12aae7e2560e657f1396553dff8f7321ab4736c7f5c5047ed9,b5e9dfd842153b81090a11b771837fd443c7bbb837dececa84e2a17d3d1618a8,1659,1600,C-1 / D-1 + D-12a: removed the leading --- front-matter block
BD012,strip-yaml,62700b08a926da6a586664c9f336f2d4cb60455fb1531f86340aa32855ac6001,4d32dd322b3e57e9772f884101cb3f9ed8b15d6e8bf711e28067133001a9e9e0,1266,1204,C-1 / D-1 + D-12a: removed the leading --- front-matter block
BD013,strip-yaml,8babb10f27efd63cdeb0f7f271c3efb16791f7626270c8a635e5fc56d58c444c,8b60b6599418a59f59f04c62bac28910d4e01f10f5f44ebe14745213ccd954c1,2387,2330,C-1 / D-1 + D-12a: removed the leading --- front-matter block
BD014,strip-yaml,b21b1543bcc462a17c8b820ccc52eaa3fa95fdc7908996a5393bbb6d02290dcf,9f8aef6e48e96c98b7fee565c823cf40d63c1fdf8e4acfe46a23fd8d13ffe44e,880,821,C-1 / D-1 + D-12a: removed the leading --- front-matter block
BD015,strip-yaml,768f294fa1e13f59c7759741274db929da27bc744e112d854f9b161700def710,6376e9969f8a1316cbf01c3d0249cc5be71f0acf027324ae3d131dc21d9522e3,807,748,C-1 / D-1 + D-12a: removed the leading --- front-matter block
BD016,strip-yaml,3dd6be70fcae11425414eda8706796049c17c4eb026887f9bb4ccabf3889d795,23ee7c6c05f802d949b2122417457d22bf650dec1acc3769ab89135a0f36da10,3291,3230,C-1 / D-1 + D-12a: removed the leading --- front-matter block
BD017,strip-yaml,fa8d6efcdef011a20c26e3988c31545bbb9ba6edb56cb552ad1628a2d2712ded,04767c12e56dacbb9f60a2f6ad510ec288853b557fc38be591ccc847a3047439,938,869,C-1 / D-1 + D-12a: removed the leading --- front-matter block
BD019,strip-yaml,8ea0ea4c4ab6eb43f713a38d4ca7ffe8363b73181b93f1dcdb015e41502087ea,eeed77ddab1f1e12970c78e01bcbc25d9b2633b79ffbb7402d0957bbe8d045f3,834,781,C-1 / D-1 + D-12a: removed the leading --- front-matter block
BA031,truncate-back-matter,a89c35a3078e83328695ab58dfd7b01bb78d17078609de4a13a5373ddfbe620f,16bde690bfa939350a9669095b3eda4dd8592afe71ba27118bc87edf7036c222,1124,947,C-5 / D-11: removed the COLOPHON block and the back-cover blurb that are not part of the column
BA039,truncate-appendices,7a7b3554caeb74c6830ad11d29cc46f591a7e3762e4536a94e8fd27b6c76ad0c,8504b515bd0b62d8707a00848e904c24eb2427a17e31740fd713eb12ff70daa7,14347,4094,"C-6 / D-12b: removed Appendices A-D and the back matter, which duplicate BC007/BC008/BD019 and belong to retired BC009/BC010"
BC018,restore-body-from-book,33e8a489ce6f0cff6565bd5cd6ddf130e4a2d3e463bf6d396545c7eabd0e5f15,93558c623c19868cc05b30586e40eddc0b41472c7ea7ef26c1c561e48a2fdf09,97,276,C-7 / D-13: body was 86 words and opened mid-sentence; restored in full from the book
BC017,restore-body-from-book,77424e160dafd96a90dc9607d1969c783ce639ef90b35362468d9282637aa483,bfc49cfce86ed7e6eb04d53ea88d89d400b387631739cde80e6f05fc08c0c9df,1614,1511,body was OCR-shredded (words interleaved); restored from the book
BC006,strip-running-header,4a0e36e4b36832241413a75a8afaf900831a962da4904b77e6464004f327ef44,fed2b6710ffac8cf77f3b7a1e3f5a3073f8684c84275444021486ed907bd224e,1702,1691,page running headers removed: THE INSPIRATION OF THE JUDICIARY	101 | 106            A CENTENARY OF JUSTICE
BC007,strip-running-header,db76fd3b9dbc8d6ac67dc2fda36a26b907388f52fc45c533a8820a6029dedfb0,bc56f81f564cc36119a78cb2b06acf77cbe1e173b60320043ee7f77deebb9b3f,1276,1274,page running headers removed: APPENDICES | APPENDICES
BC008,strip-running-header,5ca58f83761011440b469cfeab689099cc2840fc883fcf43d571b77737ba3d78,795903891d0fbe5873d1b7a6b07fe10fa5f44234b92b0d4d8be8b2fad22cd0d5,1750,1747,page running headers removed: APPENDICES | APPENDICES | APPENDICES
BD010,strip-running-header,f3f40851c0f88477433bb1ca56bf1571f961dae740b540c49adde7a41090f586,ba667c9833eb8efda810f5057433940d1d5f7dbe71ac63a1cc962a51236dedc8,1319,1309,page running headers removed: 4          A CENTENARY OF JUSTICE | 6          A CENTENARY OF JUSTICE
BD012,strip-running-header,4d32dd322b3e57e9772f884101cb3f9ed8b15d6e8bf711e28067133001a9e9e0,3789231c70de15b52467da5d3530f4a6b16ba648b1a714182a0ac5455f024014,1204,1199,page running headers removed: 86    A CENTENARY OF JUSTICE
BD013,strip-running-header,8b60b6599418a59f59f04c62bac28910d4e01f10f5f44ebe14745213ccd954c1,98b92ef2840199b0a3db8a4a67e3b637500562b6821b7ec3f7d86ed4ace249d5,2330,2288,page running headers removed: 88    A CENTENARY OF JUSTICE | A MEANINGFUL CENTENARY    89 | 90    A CENTENARY OF JUSTICE
BD019,strip-running-header,eeed77ddab1f1e12970c78e01bcbc25d9b2633b79ffbb7402d0957bbe8d045f3,99d071475c661aec419a717753ac0d93e43fe5fbd6f110a65038a9bfb84d3720,781,780,page running headers removed: APPENDICES
BE029,strip-running-header,4d44e63fe2f94f8ab097ceae91e4f577a1a08c2f67c358bc4d4db613bdf8c6fb,3b05b0cc839ba4073da7cf092126d3702db2e558b4ae9262d83e3362231b9d70,5888,5876,page running headers removed: APPENDICES                401 | APPENDICES                        405 | 406                                    N
