doc_id,type,correction,before,after
CA003,columns,C-9 type only,2025-03-24 00:00:00,2025-03-24
CA004,columns,C-9 type only,2012-01-14 00:00:00,2012-01-14
CA005,columns,C-9 type only,2011-07-03 00:00:00,2011-07-03
CA009,columns,C-9 type only,2021-06-13 00:00:00,2021-06-13
CA010,columns,C-9 type only,2019-08-04 00:00:00,2019-08-04
CA011,columns,C-9 type only,2019-07-28 00:00:00,2019-07-28
CA013,columns,C-9 type only,2019-08-25 00:00:00,2019-08-25
CA014,columns,C-9 type only,2019-08-18 00:00:00,2019-08-18
CA015,columns,C-9 type only,2021-02-21 00:00:00,2021-02-21
CA020,columns,C-9 type only,2020-12-27 00:00:00,2020-12-27
CA022,columns,C-9 type only,2014-06-01 00:00:00,2014-06-01
CA024,columns,C-9 type only,2017-10-01 00:00:00,2017-10-01
CA025,columns,C-9 type only,2026-05-18 00:00:00,2026-05-18
CA026,columns,C-9 type only,2026-05-11 00:00:00,2026-05-11
CA027,columns,C-9 type only,2026-05-04 00:00:00,2026-05-04
CA028,columns,C-9 type only,2026-04-13 00:00:00,2026-04-13
CA029,columns,C-9 type only,2026-03-16 00:00:00,2026-03-16
CA030,columns,C-9 type only,2026-03-09 00:00:00,2026-03-09
CA031,columns,C-9 type only,2026-03-02 00:00:00,2026-03-02
CA032,columns,C-9 type only,2026-02-23 00:00:00,2026-02-23
CA033,columns,C-9 type only,2026-01-05 00:00:00,2026-01-05
CA034,columns,C-9 type only,2025-11-10 00:00:00,2025-11-10
CA035,columns,C-9 type only,2025-08-11 00:00:00,2025-08-11
CA036,columns,C-9 type only,2025-08-04 00:00:00,2025-08-04
CA037,columns,C-9 type only,2025-07-28 00:00:00,2025-07-28
CA038,columns,C-9 type only,2025-07-21 00:00:00,2025-07-21
CA039,columns,C-9 type only,2025-07-14 00:00:00,2025-07-14
CA040,columns,C-9 type only,2025-07-07 00:00:00,2025-07-07
CA041,columns,C-9 type only,2025-06-30 00:00:00,2025-06-30
CA042,columns,C-9 type only,2025-06-23 00:00:00,2025-06-23
CA043,columns,C-9 type only,2025-06-16 00:00:00,2025-06-16
CA044,columns,C-9 type only,2025-06-09 00:00:00,2025-06-09
CA045,columns,C-9 type only,2025-06-02 00:00:00,2025-06-02
CA046,columns,C-9 type only,2025-05-26 00:00:00,2025-05-26
CA047,columns,C-9 type only,2025-05-12 00:00:00,2025-05-12
CA048,columns,C-9 type only,2025-05-05 00:00:00,2025-05-05
CA049,columns,C-9 type only,2025-04-14 00:00:00,2025-04-14
CA050,columns,C-9 type only,2025-04-07 00:00:00,2025-04-07
CA051,columns,C-9 type only,2025-03-31 00:00:00,2025-03-31
CA052,columns,C-9 type only,2025-03-17 00:00:00,2025-03-17
CA053,columns,C-9 type only,2025-03-03 00:00:00,2025-03-03
CA054,columns,C-9 type only,2025-02-24 00:00:00,2025-02-24
CA055,columns,C-9 type only,2025-02-17 00:00:00,2025-02-17
CA056,columns,C-9 type only,2025-02-10 00:00:00,2025-02-10
CA057,columns,C-9 type only,2025-02-03 00:00:00,2025-02-03
CA058,columns,C-9 type only,2025-01-27 00:00:00,2025-01-27
CA059,columns,C-9 type only,2025-01-20 00:00:00,2025-01-20
CA060,columns,C-9 type only,2024-12-09 00:00:00,2024-12-09
CA061,columns,C-9 type only,2024-12-02 00:00:00,2024-12-02
CA062,columns,C-9 type only,2024-11-18 00:00:00,2024-11-18
CA063,columns,C-9 type only,2024-08-12 00:00:00,2024-08-12
CA064,columns,C-9 type only,2024-08-05 00:00:00,2024-08-05
CA065,columns,C-9 type only,2024-07-29 00:00:00,2024-07-29
CA066,columns,C-9 type only,2024-07-22 00:00:00,2024-07-22
CA067,columns,C-9 type only,2024-07-15 00:00:00,2024-07-15
CA068,columns,C-9 type only,2024-06-24 00:00:00,2024-06-24
CA069,columns,C-9 type only,2024-06-17 00:00:00,2024-06-17
CA070,columns,C-9 type only,2024-05-27 00:00:00,2024-05-27
CA071,columns,C-9 type only,2024-05-20 00:00:00,2024-05-20
CA072,columns,C-9 type only,2024-05-13 00:00:00,2024-05-13
CA073,columns,C-9 type only,2024-04-29 00:00:00,2024-04-29
CA074,columns,C-9 type only,2024-04-22 00:00:00,2024-04-22
CA075,columns,C-9 type only,2024-04-08 00:00:00,2024-04-08
CA076,columns,C-9 type only,2024-04-01 00:00:00,2024-04-01
CA077,columns,C-9 type only,2024-03-25 00:00:00,2024-03-25
CA078,columns,C-9 type only,2024-03-11 00:00:00,2024-03-11
CA079,columns,C-9 type only,2024-02-26 00:00:00,2024-02-26
CA080,columns,C-9 type only,2024-02-19 00:00:00,2024-02-19
CA081,columns,C-9 type only,2024-02-12 00:00:00,2024-02-12
CA082,columns,C-9 type only,2024-02-05 00:00:00,2024-02-05
CA083,columns,C-9 type only,2024-01-29 00:00:00,2024-01-29
CA084,columns,C-9 type only,2024-01-22 00:00:00,2024-01-22
CA085,columns,C-9 type only,2024-01-08 00:00:00,2024-01-08
CA086,columns,C-9 type only,2023-12-18 00:00:00,2023-12-18
CA087,columns,C-9 type only,2023-12-11 00:00:00,2023-12-11
CA088,columns,C-9 type only,2023-12-04 00:00:00,2023-12-04
CA089,columns,C-9 type only,2023-11-27 00:00:00,2023-11-27
CA090,columns,C-9 type only,2023-11-13 00:00:00,2023-11-13
CA091,columns,C-9 type only,2023-11-06 00:00:00,2023-11-06
CA092,columns,C-9 type only,2023-10-23 00:00:00,2023-10-23
CA093,columns,C-9 type only,2023-10-16 00:00:00,2023-10-16
CA094,columns,C-9 type only,2023-10-09 00:00:00,2023-10-09
CA095,columns,C-9 type only,2023-09-25 00:00:00,2023-09-25
CA096,columns,C-9 type only,2023-09-18 00:00:00,2023-09-18
CA097,columns,C-9 type only,2023-08-28 00:00:00,2023-08-28
CA098,columns,C-9 type only,2023-08-21 00:00:00,2023-08-21
CA099,columns,C-9 type only,2023-08-14 00:00:00,2023-08-14
CA100,columns,C-9 type only,2023-08-07 00:00:00,2023-08-07
CA101,columns,C-9 type only,2023-07-24 00:00:00,2023-07-24
CA102,columns,C-9 type only,2023-07-17 00:00:00,2023-07-17
CA103,columns,C-9 type only,2023-07-10 00:00:00,2023-07-10
CA104,columns,C-9 type only,2023-06-26 00:00:00,2023-06-26
CA105,columns,C-9 type only,2023-06-19 00:00:00,2023-06-19
CA106,columns,C-9 type only,2023-06-12 00:00:00,2023-06-12
CA107,columns,C-9 type only,2023-06-05 00:00:00,2023-06-05
CA108,columns,C-9 type only,2023-05-29 00:00:00,2023-05-29
CA109,columns,C-9 type only,2023-05-15 00:00:00,2023-05-15
CA110,columns,C-9 type only,2023-05-08 00:00:00,2023-05-08
CA111,columns,C-9 type only,2023-04-10 00:00:00,2023-04-10
CA112,columns,C-9 type only,2023-04-03 00:00:00,2023-04-03
CA113,columns,C-9 type only,2023-03-27 00:00:00,2023-03-27
CA114,columns,C-9 type only,2023-03-20 00:00:00,2023-03-20
CA115,columns,C-9 type only,2023-03-06 00:00:00,2023-03-06
CA116,columns,C-9 type only,2023-02-27 00:00:00,2023-02-27
CA117,columns,C-9 type only,2023-02-20 00:00:00,2023-02-20
CA118,columns,C-9 type only,2023-02-13 00:00:00,2023-02-13
CA119,columns,C-9 type only,2023-01-30 00:00:00,2023-01-30
CA120,columns,C-9 type only,2023-01-16 00:00:00,2023-01-16
CA121,columns,C-9 type only,2023-01-09 00:00:00,2023-01-09
CA122,columns,C-9 type only,2022-12-26 00:00:00,2022-12-26
CA123,columns,C-9 type only,2022-12-19 00:00:00,2022-12-19
CA124,columns,C-9 type only,2022-12-12 00:00:00,2022-12-12
CA125,columns,C-9 type only,2022-12-05 00:00:00,2022-12-05
CA126,columns,C-9 type only,2022-11-28 00:00:00,2022-11-28
CA127,columns,C-9 type only,2022-11-21 00:00:00,2022-11-21
CA128,columns,C-9 type only,2022-11-14 00:00:00,2022-11-14
CA129,columns,C-9 type only,2022-11-07 00:00:00,2022-11-07
CA130,columns,C-9 type only,2022-10-31 00:00:00,2022-10-31
CA131,columns,C-9 type only,2022-10-24 00:00:00,2022-10-24
CA132,columns,C-9 type only,2022-10-17 00:00:00,2022-10-17
CA133,columns,C-9 type only,2022-10-10 00:00:00,2022-10-10
CA134,columns,C-9 type only,2022-10-03 00:00:00,2022-10-03
CA135,columns,C-9 type only,2022-09-26 00:00:00,2022-09-26
CA136,columns,C-9 type only,2022-09-19 00:00:00,2022-09-19
CA137,columns,C-9 type only,2022-09-12 00:00:00,2022-09-12
CA138,columns,C-9 type only,2022-09-05 00:00:00,2022-09-05
CA139,columns,C-9 type only,2022-08-29 00:00:00,2022-08-29
CA140,columns,C-9 type only,2022-08-15 00:00:00,2022-08-15
CA141,columns,C-9 type only,2022-07-18 00:00:00,2022-07-18
CA142,columns,C-9 type only,2022-07-11 00:00:00,2022-07-11
CA143,columns,C-9 type only,2022-06-27 00:00:00,2022-06-27
CA144,columns,C-9 type only,2022-06-20 00:00:00,2022-06-20
CA145,columns,C-9 type only,2022-06-13 00:00:00,2022-06-13
CA146,columns,C-9 type only,2022-06-06 00:00:00,2022-06-06
CA147,columns,C-9 type only,2022-05-23 00:00:00,2022-05-23
CA148,columns,C-9 type only,2022-04-04 00:00:00,2022-04-04
CA149,columns,C-9 type only,2022-03-27 00:00:00,2022-03-27
CA150,columns,C-9 type only,2022-03-20 00:00:00,2022-03-20
CA151,columns,C-9 type only,2022-03-13 00:00:00,2022-03-13
CA152,columns,C-9 type only,2022-03-06 00:00:00,2022-03-06
CA153,columns,C-9 type only,2024-11-04 00:00:00,2024-11-04
CA154,columns,C-9 type only,2024-10-28 00:00:00,2024-10-28
CA155,columns,C-9 type only,2024-10-21 00:00:00,2024-10-21
CA156,columns,C-9 type only,2024-10-14 00:00:00,2024-10-14
CA157,columns,C-9 type only,2022-02-27 00:00:00,2022-02-27
CA158,columns,C-9 type only,2022-02-20 00:00:00,2022-02-20
CA159,columns,C-9 type only,2022-02-13 00:00:00,2022-02-13
CA160,columns,C-9 type only,2022-02-06 00:00:00,2022-02-06
CA161,columns,C-9 type only,2022-01-30 00:00:00,2022-01-30
CA162,columns,C-9 type only,2022-01-23 00:00:00,2022-01-23
CA163,columns,C-9 type only,2021-12-19 00:00:00,2021-12-19
CA164,columns,C-9 type only,2021-12-12 00:00:00,2021-12-12
CA165,columns,C-9 type only,2021-12-05 00:00:00,2021-12-05
CA166,columns,C-9 type only,2021-11-28 00:00:00,2021-11-28
CA167,columns,C-9 type only,2021-11-07 00:00:00,2021-11-07
CA168,columns,C-9 type only,2021-10-24 00:00:00,2021-10-24
CA169,columns,C-9 type only,2021-10-10 00:00:00,2021-10-10
CA170,columns,C-9 type only,2021-10-03 00:00:00,2021-10-03
CA171,columns,C-9 type only,2021-09-26 00:00:00,2021-09-26
CA172,columns,C-9 type only,2021-09-05 00:00:00,2021-09-05
CA173,columns,C-9 type only,2021-08-29 00:00:00,2021-08-29
CA174,columns,C-9 type only,2021-08-01 00:00:00,2021-08-01
CA175,columns,C-9 type only,2021-07-18 00:00:00,2021-07-18
CA176,columns,C-9 type only,2021-07-04 00:00:00,2021-07-04
CA177,columns,C-9 type only,2021-06-27 00:00:00,2021-06-27
CA178,columns,C-9 type only,2021-06-20 00:00:00,2021-06-20
CA179,columns,C-9 type only,2021-06-06 00:00:00,2021-06-06
CA180,columns,C-9 type only,2021-05-23 00:00:00,2021-05-23
CA181,columns,C-9 type only,2021-05-16 00:00:00,2021-05-16
CA182,columns,C-9 type only,2021-05-09 00:00:00,2021-05-09
CA183,columns,C-9 type only,2021-05-02 00:00:00,2021-05-02
CA184,columns,C-9 type only,2021-04-25 00:00:00,2021-04-25
CA185,columns,C-9 type only,2021-04-18 00:00:00,2021-04-18
CA186,columns,C-9 type only,2021-04-11 00:00:00,2021-04-11
CA187,columns,C-9 type only,2021-04-04 00:00:00,2021-04-04
CA188,columns,C-9 type only,2021-03-28 00:00:00,2021-03-28
CA189,columns,C-9 type only,2021-03-21 00:00:00,2021-03-21
CA190,columns,C-9 type only,2021-03-14 00:00:00,2021-03-14
CA191,columns,C-9 type only,2021-02-14 00:00:00,2021-02-14
CA192,columns,C-9 type only,2021-02-07 00:00:00,2021-02-07
CA193,columns,C-9 type only,2021-01-17 00:00:00,2021-01-17
CA194,columns,C-9 type only,2020-12-20 00:00:00,2020-12-20
CA195,columns,C-9 type only,2020-12-13 00:00:00,2020-12-13
CA196,columns,C-9 type only,2020-11-29 00:00:00,2020-11-29
CA197,columns,C-9 type only,2020-11-22 00:00:00,2020-11-22
CA198,columns,C-9 type only,2020-11-15 00:00:00,2020-11-15
CA199,columns,C-9 type only,2020-11-08 00:00:00,2020-11-08
CA200,columns,C-9 type only,2020-10-18 00:00:00,2020-10-18
CA201,columns,C-9 type only,2020-10-11 00:00:00,2020-10-11
CA202,columns,C-9 type only,2020-10-04 00:00:00,2020-10-04
CA203,columns,C-9 type only,2020-09-27 00:00:00,2020-09-27
CA204,columns,C-9 type only,2020-09-20 00:00:00,2020-09-20
CA205,columns,C-9 type only,2020-09-13 00:00:00,2020-09-13
CA206,columns,C-9 type only,2020-09-06 00:00:00,2020-09-06
CA207,columns,C-9 type only,2020-08-23 00:00:00,2020-08-23
CA208,columns,C-9 type only,2020-08-16 00:00:00,2020-08-16
CA209,columns,C-9 type only,2020-08-09 00:00:00,2020-08-09
CA210,columns,C-9 type only,2020-08-02 00:00:00,2020-08-02
CA211,columns,C-9 type only,2020-07-19 00:00:00,2020-07-19
CA212,columns,C-9 type only,2020-07-12 00:00:00,2020-07-12
CA213,columns,C-9 type only,2020-07-05 00:00:00,2020-07-05
CA214,columns,C-9 type only,2020-06-28 00:00:00,2020-06-28
CA215,columns,C-9 type only,2020-06-07 00:00:00,2020-06-07
CA216,columns,C-9 type only,2020-05-31 00:00:00,2020-05-31
CA217,columns,C-9 type only,2020-05-24 00:00:00,2020-05-24
CA218,columns,C-9 type only,2020-05-03 00:00:00,2020-05-03
CA219,columns,C-9 type only,2020-04-26 00:00:00,2020-04-26
CA220,columns,C-9 type only,2020-04-19 00:00:00,2020-04-19
CA221,columns,C-9 type only,2020-04-12 00:00:00,2020-04-12
CA222,columns,C-9 type only,2020-03-15 00:00:00,2020-03-15
CA223,columns,C-9 type only,2020-03-08 00:00:00,2020-03-08
CA224,columns,C-9 type only,2020-03-01 00:00:00,2020-03-01
CA225,columns,C-9 type only,2020-02-23 00:00:00,2020-02-23
CA226,columns,C-9 type only,2020-02-02 00:00:00,2020-02-02
CA227,columns,C-9 type only,2020-01-19 00:00:00,2020-01-19
CA228,columns,C-9 type only,2020-01-12 00:00:00,2020-01-12
CA229,columns,C-9 type only,2020-01-05 00:00:00,2020-01-05
CA230,columns,C-9 type only,2019-12-08 00:00:00,2019-12-08
CA231,columns,C-9 type only,2019-12-01 00:00:00,2019-12-01
CA232,columns,C-9 type only,2019-11-24 00:00:00,2019-11-24
CA233,columns,C-9 type only,2019-10-13 00:00:00,2019-10-13
CA234,columns,C-9 type only,2019-10-06 00:00:00,2019-10-06
CA235,columns,C-9 type only,2019-09-29 00:00:00,2019-09-29
CA236,columns,C-9 type only,2019-09-15 00:00:00,2019-09-15
CA237,columns,C-9 type only,2019-09-08 00:00:00,2019-09-08
CA238,columns,C-9 type only,2019-09-01 00:00:00,2019-09-01
CA239,columns,C-9 type only,2019-08-11 00:00:00,2019-08-11
CA241,columns,C-9 type only,2019-07-07 00:00:00,2019-07-07
CA242,columns,C-9 type only,2019-06-23 00:00:00,2019-06-23
CA243,columns,C-9 type only,2019-06-02 00:00:00,2019-06-02
CA244,columns,C-9 type only,2019-05-05 00:00:00,2019-05-05
CA245,columns,C-9 type only,2019-04-28 00:00:00,2019-04-28
CA246,columns,C-9 type only,2019-04-21 00:00:00,2019-04-21
CA247,columns,C-9 type only,2019-04-14 00:00:00,2019-04-14
CA248,columns,C-9 type only,2019-04-07 00:00:00,2019-04-07
CA249,columns,C-9 type only,2019-03-24 00:00:00,2019-03-24
CA250,columns,C-9 type only,2019-03-17 00:00:00,2019-03-17
CA251,columns,C-9 type only,2019-02-24 00:00:00,2019-02-24
CA252,columns,C-9 type only,2019-02-10 00:00:00,2019-02-10
CA253,columns,C-9 type only,2019-02-03 00:00:00,2019-02-03
CA254,columns,C-9 type only,2019-01-20 00:00:00,2019-01-20
CA255,columns,C-9 type only,2019-01-13 00:00:00,2019-01-13
CA256,columns,C-9 type only,2018-12-23 00:00:00,2018-12-23
CA257,columns,C-9 type only,2018-12-09 00:00:00,2018-12-09
CA258,columns,C-9 type only,2018-11-25 00:00:00,2018-11-25
CA259,columns,C-9 type only,2018-11-18 00:00:00,2018-11-18
CA260,columns,C-9 type only,2018-11-11 00:00:00,2018-11-11
CA261,columns,C-9 type only,2018-11-04 00:00:00,2018-11-04
CA262,columns,C-9 type only,2018-10-28 00:00:00,2018-10-28
CA263,columns,C-9 type only,2018-10-14 00:00:00,2018-10-14
CA264,columns,C-9 type only,2018-10-07 00:00:00,2018-10-07
CA265,columns,C-9 type only,2018-09-30 00:00:00,2018-09-30
CA266,columns,C-9 type only,2018-09-09 00:00:00,2018-09-09
CA267,columns,C-9 type only,2018-09-02 00:00:00,2018-09-02
CA268,columns,C-9 type only,2018-08-26 00:00:00,2018-08-26
CA269,columns,C-9 type only,2018-08-19 00:00:00,2018-08-19
CA270,columns,C-9 type only,2018-07-29 00:00:00,2018-07-29
CA271,columns,C-9 type only,2018-07-22 00:00:00,2018-07-22
CA272,columns,C-9 type only,2018-07-15 00:00:00,2018-07-15
CA273,columns,C-9 type only,2018-07-08 00:00:00,2018-07-08
CA274,columns,C-9 type only,2018-06-24 00:00:00,2018-06-24
CA275,columns,C-9 type only,2018-06-17 00:00:00,2018-06-17
CA276,columns,C-9 type only,2018-05-06 00:00:00,2018-05-06
CA277,columns,C-9 type only,2018-04-22 00:00:00,2018-04-22
CA278,columns,C-9 type only,2018-04-15 00:00:00,2018-04-15
CA279,columns,C-9 type only,2018-03-25 00:00:00,2018-03-25
CA280,columns,C-9 type only,2018-03-18 00:00:00,2018-03-18
CA281,columns,C-9 type only,2018-03-11 00:00:00,2018-03-11
CA282,columns,C-9 type only,2018-03-04 00:00:00,2018-03-04
CA283,columns,C-9 type only,2018-02-18 00:00:00,2018-02-18
CA284,columns,C-9 type only,2018-02-11 00:00:00,2018-02-11
CA285,columns,C-9 type only,2018-02-04 00:00:00,2018-02-04
CA286,columns,C-9 type only,2018-01-28 00:00:00,2018-01-28
CA287,columns,C-9 type only,2018-01-21 00:00:00,2018-01-21
CA288,columns,C-9 type only,2018-01-14 00:00:00,2018-01-14
CA289,columns,C-9 type only,2018-01-07 00:00:00,2018-01-07
CA290,columns,C-9 type only,2017-12-31 00:00:00,2017-12-31
CA291,columns,C-9 type only,2017-12-24 00:00:00,2017-12-24
CA292,columns,C-9 type only,2017-12-17 00:00:00,2017-12-17
CA293,columns,C-9 type only,2017-12-10 00:00:00,2017-12-10
CA294,columns,C-9 type only,2017-12-03 00:00:00,2017-12-03
CA295,columns,C-9 type only,2017-11-26 00:00:00,2017-11-26
CA296,columns,C-9 type only,2017-11-19 00:00:00,2017-11-19
CA297,columns,C-9 type only,2017-11-12 00:00:00,2017-11-12
CA298,columns,C-9 type only,2017-11-05 00:00:00,2017-11-05
CA299,columns,C-9 type only,2017-10-08 00:00:00,2017-10-08
CA300,columns,C-9 type only,2017-09-10 00:00:00,2017-09-10
CA301,columns,C-9 type only,2017-09-03 00:00:00,2017-09-03
CA302,columns,C-9 type only,2017-08-27 00:00:00,2017-08-27
CA303,columns,C-9 type only,2017-08-13 00:00:00,2017-08-13
CA304,columns,C-9 type only,2017-07-30 00:00:00,2017-07-30
CA305,columns,C-9 type only,2017-07-23 00:00:00,2017-07-23
CA306,columns,C-9 type only,2017-07-09 00:00:00,2017-07-09
CA307,columns,C-9 type only,2017-06-25 00:00:00,2017-06-25
CA308,columns,C-9 type only,2017-06-18 00:00:00,2017-06-18
CA309,columns,C-9 type only,2017-06-11 00:00:00,2017-06-11
CA310,columns,C-9 type only,2017-06-04 00:00:00,2017-06-04
CA311,columns,C-9 type only,2017-05-21 00:00:00,2017-05-21
CA312,columns,C-9 type only,2017-05-14 00:00:00,2017-05-14
CA313,columns,C-9 type only,2017-05-07 00:00:00,2017-05-07
CA314,columns,C-9 type only,2017-04-30 00:00:00,2017-04-30
CA315,columns,C-9 type only,2017-04-23 00:00:00,2017-04-23
CA316,columns,C-9 type only,2017-04-16 00:00:00,2017-04-16
CA317,columns,C-9 type only,2017-04-02 00:00:00,2017-04-02
CA318,columns,C-9 type only,2017-03-19 00:00:00,2017-03-19
CA319,columns,C-9 type only,2017-03-12 00:00:00,2017-03-12
CA320,columns,C-9 type only,2017-03-05 00:00:00,2017-03-05
CA321,columns,C-9 type only,2017-02-26 00:00:00,2017-02-26
CA322,columns,C-9 type only,2017-01-29 00:00:00,2017-01-29
CA323,columns,C-9 type only,2017-01-22 00:00:00,2017-01-22
CA324,columns,C-9 type only,2017-01-15 00:00:00,2017-01-15
CA325,columns,C-9 type only,2017-01-08 00:00:00,2017-01-08
CA326,columns,C-9 type only,2016-12-18 00:00:00,2016-12-18
CA327,columns,C-9 type only,2016-12-11 00:00:00,2016-12-11
CA328,columns,C-9 type only,2016-11-20 00:00:00,2016-11-20
CA329,columns,C-9 type only,2016-11-06 00:00:00,2016-11-06
CA330,columns,C-9 type only,2016-10-23 00:00:00,2016-10-23
CA331,columns,C-9 type only,2016-10-09 00:00:00,2016-10-09
CA332,columns,C-9 type only,2016-10-02 00:00:00,2016-10-02
CA333,columns,C-9 type only,2016-09-25 00:00:00,2016-09-25
CA334,columns,C-9 type only,2016-09-18 00:00:00,2016-09-18
CA335,columns,C-9 type only,2016-09-11 00:00:00,2016-09-11
CA336,columns,C-9 type only,2016-09-04 00:00:00,2016-09-04
CA337,columns,C-9 type only,2016-08-28 00:00:00,2016-08-28
CA338,columns,C-9 type only,2016-08-07 00:00:00,2016-08-07
CA339,columns,C-9 type only,2016-07-31 00:00:00,2016-07-31
CA340,columns,C-9 type only,2016-07-17 00:00:00,2016-07-17
CA341,columns,C-9 type only,2016-07-10 00:00:00,2016-07-10
CA342,columns,C-9 type only,2016-07-03 00:00:00,2016-07-03
CA343,columns,C-9 type only,2016-06-19 00:00:00,2016-06-19
CA344,columns,C-9 type only,2016-06-12 00:00:00,2016-06-12
CA345,columns,C-9 type only,2016-06-05 00:00:00,2016-06-05
CA346,columns,C-9 type only,2016-05-15 00:00:00,2016-05-15
CA347,columns,C-9 type only,2016-04-24 00:00:00,2016-04-24
CA348,columns,C-9 type only,2016-04-10 00:00:00,2016-04-10
CA349,columns,C-9 type only,2016-04-03 00:00:00,2016-04-03
CA350,columns,C-9 type only,2016-03-27 00:00:00,2016-03-27
CA351,columns,C-9 type only,2016-03-13 00:00:00,2016-03-13
CA352,columns,C-9 type only,2016-03-06 00:00:00,2016-03-06
CA353,columns,C-9 type only,2016-02-28 00:00:00,2016-02-28
CA354,columns,C-9 type only,2016-02-21 00:00:00,2016-02-21
CA355,columns,C-9 type only,2016-02-07 00:00:00,2016-02-07
CA356,columns,C-9 type only,2016-01-31 00:00:00,2016-01-31
CA357,columns,C-9 type only,2016-01-24 00:00:00,2016-01-24
CA358,columns,C-9 type only,2016-01-17 00:00:00,2016-01-17
CA359,columns,C-9 type only,2016-01-10 00:00:00,2016-01-10
CA360,columns,C-9 type only,2015-12-20 00:00:00,2015-12-20
CA361,columns,C-9 type only,2015-12-13 00:00:00,2015-12-13
CA362,columns,C-9 type only,2015-12-06 00:00:00,2015-12-06
CA363,columns,C-9 type only,2015-11-29 00:00:00,2015-11-29
CA364,columns,C-9 type only,2015-11-15 00:00:00,2015-11-15
CA365,columns,C-9 type only,2015-11-08 00:00:00,2015-11-08
CA366,columns,C-9 type only,2015-11-01 00:00:00,2015-11-01
CA367,columns,C-9 type only,2015-10-25 00:00:00,2015-10-25
CA368,columns,C-9 type only,2015-10-18 00:00:00,2015-10-18
CA369,columns,C-9 type only,2015-10-04 00:00:00,2015-10-04
CA370,columns,C-9 type only,2015-09-27 00:00:00,2015-09-27
CA371,columns,C-9 type only,2015-09-06 00:00:00,2015-09-06
CA372,columns,C-9 type only,2015-08-30 00:00:00,2015-08-30
CA373,columns,C-9 type only,2015-08-16 00:00:00,2015-08-16
CA374,columns,C-9 type only,2015-08-09 00:00:00,2015-08-09
CA375,columns,C-9 type only,2015-08-02 00:00:00,2015-08-02
CA376,columns,C-9 type only,2015-07-19 00:00:00,2015-07-19
CA377,columns,C-9 type only,2015-07-12 00:00:00,2015-07-12
CA378,columns,C-9 type only,2015-07-05 00:00:00,2015-07-05
CA379,columns,C-9 type only,2015-06-28 00:00:00,2015-06-28
CA380,columns,C-9 type only,2015-06-21 00:00:00,2015-06-21
CA381,columns,C-9 type only,2015-06-14 00:00:00,2015-06-14
CA382,columns,C-9 type only,2015-05-24 00:00:00,2015-05-24
CA383,columns,C-9 type only,2015-05-17 00:00:00,2015-05-17
CA384,columns,C-9 type only,2015-04-12 00:00:00,2015-04-12
CA385,columns,C-9 type only,2015-03-29 00:00:00,2015-03-29
CA386,columns,C-9 type only,2015-03-22 00:00:00,2015-03-22
CA387,columns,C-9 type only,2015-03-15 00:00:00,2015-03-15
CA388,columns,C-9 type only,2015-02-15 00:00:00,2015-02-15
CA389,columns,C-9 type only,2015-02-08 00:00:00,2015-02-08
CA390,columns,C-9 type only,2015-02-01 00:00:00,2015-02-01
CA391,columns,C-9 type only,2015-01-25 00:00:00,2015-01-25
CA392,columns,C-9 type only,2014-12-21 00:00:00,2014-12-21
CA393,columns,C-9 type only,2014-12-07 00:00:00,2014-12-07
CA394,columns,C-9 type only,2014-11-30 00:00:00,2014-11-30
CA395,columns,C-9 type only,2014-11-23 00:00:00,2014-11-23
CA396,columns,C-9 type only,2014-11-16 00:00:00,2014-11-16
CA397,columns,C-9 type only,2014-11-09 00:00:00,2014-11-09
CA398,columns,C-9 type only,2014-10-26 00:00:00,2014-10-26
CA399,columns,C-9 type only,2014-10-12 00:00:00,2014-10-12
CA400,columns,C-9 type only,2014-10-05 00:00:00,2014-10-05
CA401,columns,C-9 type only,2014-08-31 00:00:00,2014-08-31
CA402,columns,C-9 type only,2014-08-24 00:00:00,2014-08-24
CA403,columns,C-9 type only,2014-08-17 00:00:00,2014-08-17
CA404,columns,C-9 type only,2014-07-27 00:00:00,2014-07-27
CA405,columns,C-9 type only,2014-07-20 00:00:00,2014-07-20
CA406,columns,C-9 type only,2014-07-13 00:00:00,2014-07-13
CA407,columns,C-9 type only,2014-07-06 00:00:00,2014-07-06
CA408,columns,C-9 type only,2014-06-29 00:00:00,2014-06-29
CA409,columns,C-9 type only,2014-06-22 00:00:00,2014-06-22
CA410,columns,C-9 type only,2014-06-15 00:00:00,2014-06-15
CA411,columns,C-9 type only,2014-06-08 00:00:00,2014-06-08
CA413,columns,C-9 type only,2014-05-25 00:00:00,2014-05-25
CA414,columns,C-9 type only,2014-05-18 00:00:00,2014-05-18
CA415,columns,C-9 type only,2014-05-11 00:00:00,2014-05-11
CA416,columns,C-9 type only,2014-05-04 00:00:00,2014-05-04
CA417,columns,C-9 type only,2014-04-27 00:00:00,2014-04-27
CA418,columns,C-9 type only,2014-04-20 00:00:00,2014-04-20
CA419,columns,C-9 type only,2014-04-06 00:00:00,2014-04-06
CA420,columns,C-9 type only,2014-03-30 00:00:00,2014-03-30
CA421,columns,C-9 type only,2014-03-23 00:00:00,2014-03-23
CA422,columns,C-9 type only,2014-03-16 00:00:00,2014-03-16
CA423,columns,C-9 type only,2014-03-09 00:00:00,2014-03-09
CA424,columns,C-9 type only,2014-02-23 00:00:00,2014-02-23
CA425,columns,C-9 type only,2014-02-15 00:00:00,2014-02-15
CA426,columns,C-9 type only,2014-02-08 00:00:00,2014-02-08
CA427,columns,C-9 type only,2014-01-25 00:00:00,2014-01-25
CA428,columns,C-9 type only,2014-01-18 00:00:00,2014-01-18
CA429,columns,C-9 type only,2014-01-11 00:00:00,2014-01-11
CA430,columns,C-9 type only,2013-12-28 00:00:00,2013-12-28
CA431,columns,C-9 type only,2013-12-21 00:00:00,2013-12-21
CA432,columns,C-9 type only,2013-12-14 00:00:00,2013-12-14
CA433,columns,C-9 type only,2013-12-07 00:00:00,2013-12-07
CA434,columns,C-9 type only,2013-11-30 00:00:00,2013-11-30
CA435,columns,C-9 type only,2013-11-23 00:00:00,2013-11-23
CA436,columns,C-9 type only,2013-11-16 00:00:00,2013-11-16
CA437,columns,C-9 type only,2013-11-09 00:00:00,2013-11-09
CA438,columns,C-9 type only,2013-11-02 00:00:00,2013-11-02
CA439,columns,C-9 type only,2013-10-27 00:00:00,2013-10-27
CA440,columns,C-9 type only,2013-10-19 00:00:00,2013-10-19
CA441,columns,C-9 type only,2013-10-13 00:00:00,2013-10-13
CA442,columns,C-9 type only,2013-10-05 00:00:00,2013-10-05
CA443,columns,C-9 type only,2013-09-28 00:00:00,2013-09-28
CA444,columns,C-9 type only,2013-09-21 00:00:00,2013-09-21
CA445,columns,C-9 type only,2013-09-14 00:00:00,2013-09-14
CA446,columns,C-9 type only,2013-09-07 00:00:00,2013-09-07
CA447,columns,C-9 type only,2013-08-31 00:00:00,2013-08-31
CA448,columns,C-9 type only,2013-08-24 00:00:00,2013-08-24
CA449,columns,C-9 type only,2013-08-17 00:00:00,2013-08-17
CA450,columns,C-9 type only,2013-08-10 00:00:00,2013-08-10
CA451,columns,C-9 type only,2013-07-27 00:00:00,2013-07-27
CA452,columns,C-9 type only,2013-07-13 00:00:00,2013-07-13
CA453,columns,C-9 type only,2013-07-06 00:00:00,2013-07-06
CA454,columns,C-9 type only,2013-06-29 00:00:00,2013-06-29
CA455,columns,C-9 type only,2013-06-22 00:00:00,2013-06-22
CA456,columns,C-9 type only,2013-06-15 00:00:00,2013-06-15
CA457,columns,C-9 type only,2013-06-08 00:00:00,2013-06-08
CA458,columns,C-9 type only,2013-05-18 00:00:00,2013-05-18
CA459,columns,C-9 type only,2013-04-20 00:00:00,2013-04-20
CA460,columns,C-9 type only,2013-04-13 00:00:00,2013-04-13
CA461,columns,C-9 type only,2013-03-30 00:00:00,2013-03-30
CA462,columns,C-9 type only,2013-03-23 00:00:00,2013-03-23
CA463,columns,C-9 type only,2013-03-16 00:00:00,2013-03-16
CA464,columns,C-9 type only,2013-03-09 00:00:00,2013-03-09
CA465,columns,C-9 type only,2013-03-02 00:00:00,2013-03-02
CA466,columns,C-9 type only,2013-02-23 00:00:00,2013-02-23
CA467,columns,C-9 type only,2013-02-09 00:00:00,2013-02-09
CA468,columns,C-9 type only,2013-02-02 00:00:00,2013-02-02
CA469,columns,C-9 type only,2013-01-26 00:00:00,2013-01-26
CA470,columns,C-9 type only,2013-01-20 00:00:00,2013-01-20
CA471,columns,C-9 type only,2013-01-12 00:00:00,2013-01-12
CA472,columns,C-9 type only,2012-12-29 00:00:00,2012-12-29
CA473,columns,C-9 type only,2012-12-15 00:00:00,2012-12-15
CA474,columns,C-9 type only,2012-12-01 00:00:00,2012-12-01
CA475,columns,C-9 type only,2012-11-24 00:00:00,2012-11-24
CA476,columns,C-9 type only,2012-11-18 00:00:00,2012-11-18
CA477,columns,C-9 type only,2012-11-10 00:00:00,2012-11-10
CA478,columns,C-9 type only,2012-11-03 00:00:00,2012-11-03
CA479,columns,C-9 type only,2012-10-27 00:00:00,2012-10-27
CA480,columns,C-9 type only,2012-10-20 00:00:00,2012-10-20
CA481,columns,C-9 type only,2012-10-13 00:00:00,2012-10-13
CA482,columns,C-9 type only,2012-10-06 00:00:00,2012-10-06
CA483,columns,C-9 type only,2012-09-29 00:00:00,2012-09-29
CA484,columns,C-9 type only,2012-09-22 00:00:00,2012-09-22
CA485,columns,C-9 type only,2012-09-15 00:00:00,2012-09-15
CA486,columns,C-9 type only,2012-09-08 00:00:00,2012-09-08
CA487,columns,C-9 type only,2012-09-01 00:00:00,2012-09-01
CA488,columns,C-9 type only,2012-08-19 00:00:00,2012-08-19
CA489,columns,C-9 type only,2012-08-11 00:00:00,2012-08-11
CA490,columns,C-9 type only,2012-07-28 00:00:00,2012-07-28
CA491,columns,C-9 type only,2012-07-21 00:00:00,2012-07-21
CA492,columns,C-9 type only,2012-07-14 00:00:00,2012-07-14
CA493,columns,C-9 type only,2012-06-30 00:00:00,2012-06-30
CA494,columns,C-9 type only,2012-06-23 00:00:00,2012-06-23
CA495,columns,C-9 type only,2012-06-16 00:00:00,2012-06-16
CA496,columns,C-9 type only,2012-06-09 00:00:00,2012-06-09
CA497,columns,C-9 type only,2012-06-02 00:00:00,2012-06-02
CA498,columns,C-9 type only,2012-05-26 00:00:00,2012-05-26
CA499,columns,C-9 type only,2012-05-19 00:00:00,2012-05-19
CA500,columns,C-9 type only,2012-05-12 00:00:00,2012-05-12
CA501,columns,C-9 type only,2012-05-05 00:00:00,2012-05-05
CA502,columns,C-9 type only,2012-04-28 00:00:00,2012-04-28
CA503,columns,C-9 type only,2012-04-14 00:00:00,2012-04-14
CA504,columns,C-9 type only,2012-03-25 00:00:00,2012-03-25
CA505,columns,C-9 type only,2012-03-17 00:00:00,2012-03-17
CA506,columns,C-9 type only,2012-03-10 00:00:00,2012-03-10
CA507,columns,C-9 type only,2012-03-03 00:00:00,2012-03-03
CA508,columns,C-9 type only,2012-02-25 00:00:00,2012-02-25
CA509,columns,C-9 type only,2012-02-18 00:00:00,2012-02-18
CA510,columns,C-9 type only,2012-02-12 00:00:00,2012-02-12
CA511,columns,C-9 type only,2012-02-05 00:00:00,2012-02-05
CA512,columns,C-9 type only,2012-01-29 00:00:00,2012-01-29
CA513,columns,C-9 type only,2012-01-22 00:00:00,2012-01-22
CA514,columns,C-9 type only,2012-01-07 00:00:00,2012-01-07
CA515,columns,C-9 type only,2011-12-10 00:00:00,2011-12-10
CA516,columns,C-9 type only,2011-12-04 00:00:00,2011-12-04
CA517,columns,C-9 type only,2011-11-26 00:00:00,2011-11-26
CA518,columns,C-9 type only,2011-11-19 00:00:00,2011-11-19
CA519,columns,C-9 type only,2011-11-12 00:00:00,2011-11-12
CA520,columns,C-9 type only,2011-11-05 00:00:00,2011-11-05
CA521,columns,C-9 type only,2011-10-30 00:00:00,2011-10-30
CA522,columns,C-9 type only,2011-09-25 00:00:00,2011-09-25
CA523,columns,C-9 type only,2011-09-17 00:00:00,2011-09-17
CA524,columns,C-9 type only,2011-08-27 00:00:00,2011-08-27
CA525,columns,C-9 type only,2011-08-06 00:00:00,2011-08-06
CA526,columns,C-9 type only,2011-07-23 00:00:00,2011-07-23
CA527,columns,C-9 type only,2011-06-26 00:00:00,2011-06-26
CA528,columns,C-9 type only,2011-05-15 00:00:00,2011-05-15
CB001,columns,C-9 type only,2024-09-09 00:00:00,2024-09-09
CB003,columns,C-9 type only,2019-02-17 00:00:00,2019-02-17
CB004,columns,C-9 type only,2021-10-31 00:00:00,2021-10-31
CB005,columns,C-9 type only,2019-11-03 00:00:00,2019-11-03
CB006,columns,C-9 type only,2015-03-01 00:00:00,2015-03-01
CB007,columns,C-9 type only,2013-04-27 00:00:00,2013-04-27
CB008,columns,C-9 type only,2021-07-11 00:00:00,2021-07-11
CB009,columns,C-9 type only,2021-02-28 00:00:00,2021-02-28
CB010,columns,C-9 type only,2018-09-23 00:00:00,2018-09-23
CB011,columns,C-9 type only,2018-09-16 00:00:00,2018-09-16
CB012,columns,C-9 type only,2018-04-01 00:00:00,2018-04-01
CB013,columns,C-9 type only,2015-12-27 00:00:00,2015-12-27
CB014,columns,C-9 type only,2015-06-07 00:00:00,2015-06-07
CB015,columns,C-9 type only,2015-05-31 00:00:00,2015-05-31
CB016,columns,C-9 type only,2015-05-03 00:00:00,2015-05-03
CB017,columns,C-9 type only,2015-03-08 00:00:00,2015-03-08
CB018,columns,C-9 type only,2014-11-02 00:00:00,2014-11-02
CB019,columns,C-9 type only,2013-05-25 00:00:00,2013-05-25
CC001,columns,C-9 type only,2017-02-12 00:00:00,2017-02-12
CC002,columns,C-9 type only,2016-03-20 00:00:00,2016-03-20
CC004,columns,C-9 type only,2018-04-29 00:00:00,2018-04-29
CC005,columns,C-9 type only,2014-02-01 00:00:00,2014-02-01
CC006,columns,C-9 type only,2014-03-02 00:00:00,2014-03-02
CC007,columns,C-9 type only,2014-09-07 00:00:00,2014-09-07
CC008,columns,C-9 type only,2015-01-04 00:00:00,2015-01-04
CC009,columns,C-9 type only,2022-01-02 00:00:00,2022-01-02
CC012,columns,C-9 type only,2024-09-16 00:00:00,2024-09-16
CC013,columns,C-9 type only,2019-11-17 00:00:00,2019-11-17
CC015,columns,C-9 type only,2012-04-07 00:00:00,2012-04-07
CC016,columns,C-9 type only,2016-07-24 00:00:00,2016-07-24
CC017,columns,C-9 type only,2020-06-21 00:00:00,2020-06-21
CC018,columns,C-9 type only,2026-04-27 00:00:00,2026-04-27
CC019,columns,C-9 type only,2026-04-06 00:00:00,2026-04-06
CC020,columns,C-9 type only,2026-02-09 00:00:00,2026-02-09
CC021,columns,C-9 type only,2025-05-19 00:00:00,2025-05-19
CC022,columns,C-9 type only,2025-04-28 00:00:00,2025-04-28
CC023,columns,C-9 type only,2025-03-10 00:00:00,2025-03-10
CC024,columns,C-9 type only,2025-01-06 00:00:00,2025-01-06
CC025,columns,C-9 type only,2024-12-30 00:00:00,2024-12-30
CC026,columns,C-9 type only,2024-12-23 00:00:00,2024-12-23
CC027,columns,C-9 type only,2024-12-16 00:00:00,2024-12-16
CC028,columns,C-9 type only,2024-08-26 00:00:00,2024-08-26
CC029,columns,C-9 type only,2024-07-08 00:00:00,2024-07-08
CC030,columns,C-9 type only,2024-06-10 00:00:00,2024-06-10
CC031,columns,C-9 type only,2024-06-03 00:00:00,2024-06-03
CC032,columns,C-9 type only,2024-05-06 00:00:00,2024-05-06
CC033,columns,C-9 type only,2024-03-18 00:00:00,2024-03-18
CC034,columns,C-9 type only,2024-01-01 00:00:00,2024-01-01
CC035,columns,C-9 type only,2023-12-25 00:00:00,2023-12-25
CC036,columns,C-9 type only,2023-11-20 00:00:00,2023-11-20
CC037,columns,C-9 type only,2023-10-30 00:00:00,2023-10-30
CC038,columns,C-9 type only,2023-10-02 00:00:00,2023-10-02
CC039,columns,C-9 type only,2023-09-11 00:00:00,2023-09-11
CC040,columns,C-9 type only,2023-07-03 00:00:00,2023-07-03
CC041,columns,C-9 type only,2023-05-01 00:00:00,2023-05-01
CC042,columns,C-9 type only,2023-04-24 00:00:00,2023-04-24
CC043,columns,C-9 type only,2023-04-17 00:00:00,2023-04-17
CC044,columns,C-9 type only,2023-01-02 00:00:00,2023-01-02
CC045,columns,C-9 type only,2022-08-22 00:00:00,2022-08-22
CC046,columns,C-9 type only,2022-07-25 00:00:00,2022-07-25
CC047,columns,C-9 type only,2022-05-09 00:00:00,2022-05-09
CC048,columns,C-9 type only,2022-04-18 00:00:00,2022-04-18
CC049,columns,C-9 type only,2024-09-23 00:00:00,2024-09-23
CC050,columns,C-9 type only,2021-12-26 00:00:00,2021-12-26
CC051,columns,C-9 type only,2021-08-08 00:00:00,2021-08-08
CC052,columns,C-9 type only,2021-05-30 00:00:00,2021-05-30
CC053,columns,C-9 type only,2020-10-25 00:00:00,2020-10-25
CC054,columns,C-9 type only,2020-07-26 00:00:00,2020-07-26
CC055,columns,C-9 type only,2020-03-29 00:00:00,2020-03-29
CC056,columns,C-9 type only,2020-02-16 00:00:00,2020-02-16
CC057,columns,C-9 type only,2019-12-29 00:00:00,2019-12-29
CC058,columns,C-9 type only,2019-12-22 00:00:00,2019-12-22
CC059,columns,C-9 type only,2019-12-15 00:00:00,2019-12-15
CC060,columns,C-9 type only,2019-11-10 00:00:00,2019-11-10
CC061,columns,C-9 type only,2019-10-27 00:00:00,2019-10-27
CC062,columns,C-9 type only,2019-10-20 00:00:00,2019-10-20
CC063,columns,C-9 type only,2019-09-22 00:00:00,2019-09-22
CC064,columns,C-9 type only,2019-07-21 00:00:00,2019-07-21
CC065,columns,C-9 type only,2019-07-14 00:00:00,2019-07-14
CC066,columns,C-9 type only,2019-06-30 00:00:00,2019-06-30
CC067,columns,C-9 type only,2019-06-09 00:00:00,2019-06-09
CC068,columns,C-9 type only,2019-05-26 00:00:00,2019-05-26
CC069,columns,C-9 type only,2019-03-10 00:00:00,2019-03-10
CC070,columns,C-9 type only,2019-01-27 00:00:00,2019-01-27
CC071,columns,C-9 type only,2019-01-06 00:00:00,2019-01-06
CC072,columns,C-9 type only,2018-12-30 00:00:00,2018-12-30
CC073,columns,C-9 type only,2018-12-02 00:00:00,2018-12-02
CC074,columns,C-9 type only,2018-10-21 00:00:00,2018-10-21
CC075,columns,C-9 type only,2018-08-12 00:00:00,2018-08-12
CC076,columns,C-9 type only,2018-05-20 00:00:00,2018-05-20
CC077,columns,C-9 type only,2018-02-25 00:00:00,2018-02-25
CC078,columns,C-9 type only,2017-10-22 00:00:00,2017-10-22
CC079,columns,C-9 type only,2017-10-15 00:00:00,2017-10-15
CC080,columns,C-9 type only,2017-09-24 00:00:00,2017-09-24
CC081,columns,C-9 type only,2017-07-16 00:00:00,2017-07-16
CC082,columns,C-9 type only,2017-04-09 00:00:00,2017-04-09
CC083,columns,C-9 type only,2017-03-26 00:00:00,2017-03-26
CC084,columns,C-9 type only,2017-01-01 00:00:00,2017-01-01
CC085,columns,C-9 type only,2016-12-25 00:00:00,2016-12-25
CC086,columns,C-9 type only,2016-10-16 00:00:00,2016-10-16
CC087,columns,C-9 type only,2016-08-21 00:00:00,2016-08-21
CC088,columns,C-9 type only,2016-08-14 00:00:00,2016-08-14
CC089,columns,C-9 type only,2016-02-14 00:00:00,2016-02-14
CC090,columns,C-9 type only,2016-01-03 00:00:00,2016-01-03
CC091,columns,C-9 type only,2015-10-11 00:00:00,2015-10-11
CC092,columns,C-9 type only,2015-09-13 00:00:00,2015-09-13
CC093,columns,C-9 type only,2015-07-26 00:00:00,2015-07-26
CC094,columns,C-9 type only,2015-05-10 00:00:00,2015-05-10
CC095,columns,C-9 type only,2015-04-19 00:00:00,2015-04-19
CC096,columns,C-9 type only,2015-04-05 00:00:00,2015-04-05
CC097,columns,C-9 type only,2015-01-18 00:00:00,2015-01-18
CC098,columns,C-9 type only,2015-01-11 00:00:00,2015-01-11
CC099,columns,C-9 type only,2014-12-28 00:00:00,2014-12-28
CC100,columns,C-9 type only,2014-12-14 00:00:00,2014-12-14
CC101,columns,C-9 type only,2014-10-19 00:00:00,2014-10-19
CC102,columns,C-9 type only,2014-09-21 00:00:00,2014-09-21
CC103,columns,C-9 type only,2014-09-14 00:00:00,2014-09-14
CC104,columns,C-9 type only,2014-04-13 00:00:00,2014-04-13
CC106,columns,C-9 type only,2014-01-04 00:00:00,2014-01-04
CC107,columns,C-9 type only,2013-08-03 00:00:00,2013-08-03
CC108,columns,C-9 type only,2013-07-20 00:00:00,2013-07-20
CC109,columns,C-9 type only,2013-02-16 00:00:00,2013-02-16
CC110,columns,C-9 type only,2012-08-25 00:00:00,2012-08-25
CC111,columns,C-9 type only,2011-12-31 00:00:00,2011-12-31
CC112,columns,C-9 type only,2011-12-24 00:00:00,2011-12-24
CC113,columns,C-9 type only,2011-12-17 00:00:00,2011-12-17
CC114,columns,C-9 type only,2011-06-11 00:00:00,2011-06-11
CC115,columns,C-9 type only,2011-05-21 00:00:00,2011-05-21
CC116,columns,C-9 type only,2011-05-08 00:00:00,2011-05-08
CC117,columns,C-9 type only,2011-04-17 00:00:00,2011-04-17
CD001,columns,C-9 type only,2016-11-27 00:00:00,2016-11-27
CD003,columns,C-9 type only,2025-08-25 00:00:00,2025-08-25
CD005,columns,C-9 type only,2020-05-10 00:00:00,2020-05-10
CD008,columns,C-9 type only,2024-09-02 00:00:00,2024-09-02
CD009,columns,C-9 type only,2026-01-12 00:00:00,2026-01-12
CD011,columns,C-9 type only,2026-02-16 00:00:00,2026-02-16
CD012,columns,C-9 type only,2026-01-19 00:00:00,2026-01-19
CD013,columns,C-9 type only,2025-09-01 00:00:00,2025-09-01
CD014,columns,C-9 type only,2024-04-15 00:00:00,2024-04-15
CD015,columns,C-9 type only,2024-03-04 00:00:00,2024-03-04
CD016,columns,C-9 type only,2023-07-31 00:00:00,2023-07-31
CD017,columns,C-9 type only,2022-08-08 00:00:00,2022-08-08
CD018,columns,C-9 type only,2022-04-11 00:00:00,2022-04-11
CD019,columns,C-9 type only,2021-08-22 00:00:00,2021-08-22
CD020,columns,C-9 type only,2021-07-25 00:00:00,2021-07-25
CD021,columns,C-9 type only,2020-06-14 00:00:00,2020-06-14
CD022,columns,C-9 type only,2020-05-17 00:00:00,2020-05-17
CD023,columns,C-9 type only,2019-05-12 00:00:00,2019-05-12
CD024,columns,C-9 type only,2017-08-06 00:00:00,2017-08-06
CD025,columns,C-9 type only,2016-12-04 00:00:00,2016-12-04
CD026,columns,C-9 type only,2016-05-22 00:00:00,2016-05-22
CD027,columns,C-9 type only,2013-05-04 00:00:00,2013-05-04
CD028,columns,C-9 type only,2011-10-02 00:00:00,2011-10-02
CD029,columns,C-9 type only,2011-09-10 00:00:00,2011-09-10
CE001,columns,C-9 type only,2025-01-13 00:00:00,2025-01-13
CE003,columns,C-9 type only,2026-03-30 00:00:00,2026-03-30
CE004,columns,C-9 type only,2025-10-27 00:00:00,2025-10-27
CE007,columns,C-9 type only,2024-09-30 00:00:00,2024-09-30
CE008,columns,C-9 type only,2024-10-07 00:00:00,2024-10-07
CE009,columns,C-9 type only,2026-04-20 00:00:00,2026-04-20
CE010,columns,C-9 type only,2026-03-23 00:00:00,2026-03-23
CE011,columns,C-9 type only,2026-02-02 00:00:00,2026-02-02
CE012,columns,C-9 type only,2026-01-26 00:00:00,2026-01-26
CE013,columns,C-9 type only,2025-12-29 00:00:00,2025-12-29
CE014,columns,C-9 type only,2025-12-22 00:00:00,2025-12-22
CE015,columns,C-9 type only,2025-12-15 00:00:00,2025-12-15
CE016,columns,C-9 type only,2025-12-08 00:00:00,2025-12-08
CE017,columns,C-9 type only,2025-12-01 00:00:00,2025-12-01
CE018,columns,C-9 type only,2025-11-24 00:00:00,2025-11-24
CE019,columns,C-9 type only,2025-11-17 00:00:00,2025-11-17
CE020,columns,C-9 type only,2025-11-03 00:00:00,2025-11-03
CE021,columns,C-9 type only,2025-10-20 00:00:00,2025-10-20
CE022,columns,C-9 type only,2025-10-13 00:00:00,2025-10-13
CE023,columns,C-9 type only,2025-10-06 00:00:00,2025-10-06
CE024,columns,C-9 type only,2025-09-29 00:00:00,2025-09-29
CE025,columns,C-9 type only,2025-09-22 00:00:00,2025-09-22
CE026,columns,C-9 type only,2025-09-15 00:00:00,2025-09-15
CE027,columns,C-9 type only,2025-09-08 00:00:00,2025-09-08
CE028,columns,C-9 type only,2025-08-18 00:00:00,2025-08-18
CE029,columns,C-9 type only,2025-04-21 00:00:00,2025-04-21
CE030,columns,C-9 type only,2024-11-25 00:00:00,2024-11-25
CE031,columns,C-9 type only,2024-11-11 00:00:00,2024-11-11
CE032,columns,C-9 type only,2024-08-19 00:00:00,2024-08-19
CE033,columns,C-9 type only,2024-07-01 00:00:00,2024-07-01
CE034,columns,C-9 type only,2024-01-15 00:00:00,2024-01-15
CE035,columns,C-9 type only,2023-09-04 00:00:00,2023-09-04
CE036,columns,C-9 type only,2023-05-22 00:00:00,2023-05-22
CE037,columns,C-9 type only,2023-03-13 00:00:00,2023-03-13
CE038,columns,C-9 type only,2023-02-06 00:00:00,2023-02-06
CE039,columns,C-9 type only,2023-01-23 00:00:00,2023-01-23
CE040,columns,C-9 type only,2022-08-01 00:00:00,2022-08-01
CE041,columns,C-9 type only,2022-07-04 00:00:00,2022-07-04
CE042,columns,C-9 type only,2022-05-30 00:00:00,2022-05-30
CE043,columns,C-9 type only,2022-05-16 00:00:00,2022-05-16
CE044,columns,C-9 type only,2022-05-02 00:00:00,2022-05-02
CE045,columns,C-9 type only,2022-04-25 00:00:00,2022-04-25
CE046,columns,C-9 type only,2022-01-16 00:00:00,2022-01-16
CE047,columns,C-9 type only,2022-01-09 00:00:00,2022-01-09
CE048,columns,C-9 type only,2021-11-21 00:00:00,2021-11-21
CE049,columns,C-9 type only,2021-11-14 00:00:00,2021-11-14
CE050,columns,C-9 type only,2021-10-17 00:00:00,2021-10-17
CE051,columns,C-9 type only,2021-09-19 00:00:00,2021-09-19
CE052,columns,C-9 type only,2021-09-12 00:00:00,2021-09-12
CE053,columns,C-9 type only,2021-08-15 00:00:00,2021-08-15
CE054,columns,C-9 type only,2021-03-07 00:00:00,2021-03-07
CE055,columns,C-9 type only,2021-01-31 00:00:00,2021-01-31
CE056,columns,C-9 type only,2021-01-24 00:00:00,2021-01-24
CE057,columns,C-9 type only,2021-01-10 00:00:00,2021-01-10
CE058,columns,C-9 type only,2021-01-03 00:00:00,2021-01-03
CE059,columns,C-9 type only,2020-12-06 00:00:00,2020-12-06
CE060,columns,C-9 type only,2020-11-01 00:00:00,2020-11-01
CE061,columns,C-9 type only,2020-08-30 00:00:00,2020-08-30
CE062,columns,C-9 type only,2020-04-05 00:00:00,2020-04-05
CE063,columns,C-9 type only,2020-03-22 00:00:00,2020-03-22
CE064,columns,C-9 type only,2020-02-09 00:00:00,2020-02-09
CE065,columns,C-9 type only,2020-01-26 00:00:00,2020-01-26
CE066,columns,C-9 type only,2019-06-16 00:00:00,2019-06-16
CE067,columns,C-9 type only,2019-05-19 00:00:00,2019-05-19
CE068,columns,C-9 type only,2019-03-31 00:00:00,2019-03-31
CE069,columns,C-9 type only,2019-03-03 00:00:00,2019-03-03
CE070,columns,C-9 type only,2018-08-05 00:00:00,2018-08-05
CE071,columns,C-9 type only,2018-07-01 00:00:00,2018-07-01
CE072,columns,C-9 type only,2018-06-10 00:00:00,2018-06-10
CE073,columns,C-9 type only,2018-06-03 00:00:00,2018-06-03
CE074,columns,C-9 type only,2018-05-27 00:00:00,2018-05-27
CE075,columns,C-9 type only,2018-05-13 00:00:00,2018-05-13
CE076,columns,C-9 type only,2018-04-08 00:00:00,2018-04-08
CE077,columns,C-9 type only,2017-10-29 00:00:00,2017-10-29
CE078,columns,C-9 type only,2017-09-17 00:00:00,2017-09-17
CE079,columns,C-9 type only,2017-08-20 00:00:00,2017-08-20
CE080,columns,C-9 type only,2017-07-02 00:00:00,2017-07-02
CE081,columns,C-9 type only,2017-05-28 00:00:00,2017-05-28
CE082,columns,C-9 type only,2017-02-19 00:00:00,2017-02-19
CE083,columns,C-9 type only,2017-02-05 00:00:00,2017-02-05
CE084,columns,C-9 type only,2016-11-13 00:00:00,2016-11-13
CE085,columns,C-9 type only,2016-10-30 00:00:00,2016-10-30
CE086,columns,C-9 type only,2016-06-26 00:00:00,2016-06-26
CE087,columns,C-9 type only,2016-05-29 00:00:00,2016-05-29
CE088,columns,C-9 type only,2016-05-08 00:00:00,2016-05-08
CE089,columns,C-9 type only,2016-05-01 00:00:00,2016-05-01
CE090,columns,C-9 type only,2016-04-17 00:00:00,2016-04-17
CE091,columns,C-9 type only,2015-11-22 00:00:00,2015-11-22
CE092,columns,C-9 type only,2015-09-20 00:00:00,2015-09-20
CE093,columns,C-9 type only,2015-08-23 00:00:00,2015-08-23
CE094,columns,C-9 type only,2015-04-26 00:00:00,2015-04-26
CE095,columns,C-9 type only,2015-02-22 00:00:00,2015-02-22
CE096,columns,C-9 type only,2014-09-28 00:00:00,2014-09-28
CE097,columns,C-9 type only,2014-08-10 00:00:00,2014-08-10
CE098,columns,C-9 type only,2014-08-03 00:00:00,2014-08-03
CE099,columns,C-9 type only,2013-06-01 00:00:00,2013-06-01
CE100,columns,C-9 type only,2013-05-11 00:00:00,2013-05-11
CE101,columns,C-9 type only,2013-04-06 00:00:00,2013-04-06
CE102,columns,C-9 type only,2013-01-05 00:00:00,2013-01-05
CE103,columns,C-9 type only,2012-12-22 00:00:00,2012-12-22
CE104,columns,C-9 type only,2012-12-08 00:00:00,2012-12-08
CE105,columns,C-9 type only,2012-08-05 00:00:00,2012-08-05
CE106,columns,C-9 type only,2012-07-07 00:00:00,2012-07-07
CE107,columns,C-9 type only,2012-04-21 00:00:00,2012-04-21
CE108,columns,C-9 type only,2012-03-31 00:00:00,2012-03-31
CE109,columns,C-9 type only,2011-10-22 00:00:00,2011-10-22
CE110,columns,C-9 type only,2011-10-15 00:00:00,2011-10-15
CE111,columns,C-9 type only,2011-10-08 00:00:00,2011-10-08
CE112,columns,C-9 type only,2011-09-03 00:00:00,2011-09-03
CE113,columns,C-9 type only,2011-08-21 00:00:00,2011-08-21
CE114,columns,C-9 type only,2011-08-13 00:00:00,2011-08-13
CE115,columns,C-9 type only,2011-07-31 00:00:00,2011-07-31
CE116,columns,C-9 type only,2011-07-16 00:00:00,2011-07-16
CE117,columns,C-9 type only,2011-07-09 00:00:00,2011-07-09
CE118,columns,C-9 type only,2011-06-19 00:00:00,2011-06-19
CE119,columns,C-9 type only,2011-06-05 00:00:00,2011-06-05
CE120,columns,C-9 type only,2011-05-29 00:00:00,2011-05-29
BE001,books,C-9 type only,2007-12-08 00:00:00,2007-12-08
BE002,books,C-2/C-3 value + type,9/30/2007,2007-09-30
BE003,books,C-9 type only,2008-02-03 00:00:00,2008-02-03
BE004,books,C-2/C-3 value + type,3/16/2008,2008-03-16
BE005,books,C-2/C-3 value + type,3/23/2008,2008-03-23
BA001,books,C-2/C-3 value + type,7/20/2008,2008-07-20
BE006,books,C-2/C-3 value + type,7/27/2008,2008-07-27
BA002,books,C-2/C-3 value + type,8/23/2009,2009-08-23
BA003,books,C-2/C-3 value + type,12/13/2009,2009-12-13
BE007,books,C-2/C-3 value + type,1/31/2010,2010-01-31
BA004,books,C-2/C-3 value + type,12/28/2008,2008-12-28
BA005,books,C-9 type only,2009-11-01 00:00:00,2009-11-01
BD001,books,C-2/C-3 value + type,6/21/2009,2009-06-21
BA006,books,C-2/C-3 value + type,12/20/2009,2009-12-20
BD002,books,C-2/C-3 value + type,12/27/2009,2009-12-27
BA007,books,C-2/C-3 value + type,3/28/2010,2010-03-28
BD003,books,C-9 type only,2010-04-07 00:00:00,2010-04-07
BA008,books,C-2/C-3 value + type,8/22/2010,2010-08-22
BE008,books,C-9 type only,2010-05-09 00:00:00,2010-05-09
BA009,books,C-9 type only,2010-07-11 00:00:00,2010-07-11
BD004,books,C-2/C-3 value + type,5/27/2007,2007-05-27
BA010,books,C-2/C-3 value + type,7/29/2007,2007-07-29
BD005,books,C-9 type only,2007-09-09 00:00:00,2007-09-09
BD006,books,C-2/C-3 value + type,9/16/2007,2007-09-16
BD007,books,C-2/C-3 value + type,4/20/2008,2008-04-20
BD008,books,C-9 type only,2008-12-10 00:00:00,2008-12-10
BE009,books,C-2/C-3 value + type,1/25/2009,2009-01-25
BE010,books,C-9 type only,2009-02-08 00:00:00,2009-02-08
BE011,books,C-9 type only,2009-09-08 00:00:00,2009-09-08
BD009,books,C-9 type only,2010-12-12 00:00:00,2010-12-12
BA011,books,C-9 type only,2007-08-04 00:00:00,2007-08-04
BE012,books,C-2/C-3 value + type,11/25/2007,2007-11-25
BA012,books,C-2/C-3 value + type,2/17/2008,2008-02-17
BA013,books,C-2/C-3 value + type,4/27/2008,2008-04-27
BE013,books,C-9 type only,2008-08-06 00:00:00,2008-08-06
BA014,books,C-2/C-3 value + type,10/26/2008,2008-10-26
BA015,books,C-2/C-3 value + type,2/21/2010,2010-02-21
BA016,books,C-9 type only,2010-11-07 00:00:00,2010-11-07
BA017,books,C-2/C-3 value + type,1/30/2011,2011-01-30
BA018,books,C-2/C-3 value + type,2/27/2011,2011-02-27
BA019,books,C-9 type only,2007-01-04 00:00:00,2007-01-04
BA020,books,C-2/C-3 value + type,5/13/2007,2007-05-13
BA021,books,C-2/C-3 value + type,7/15/2007,2007-07-15
BA022,books,C-2/C-3 value + type,7/22/2007,2007-07-22
BA023,books,C-2/C-3 value + type,10/14/2007,2007-10-14
BA024,books,C-2/C-3 value + type,4/26/2009,2009-04-26
BA025,books,C-2/C-3 value + type,5/24/2009,2009-05-24
BE014,books,C-9 type only,2010-10-01 00:00:00,2010-10-01
BE015,books,C-2/C-3 value + type,4/18/2010,2010-04-18
BE016,books,C-9 type only,2011-02-01 00:00:00,2011-02-01
BE017,books,C-9 type only,2009-06-09 00:00:00,2009-06-09
BE018,books,C-2/C-3 value + type,10/25/2009,2009-10-25
BE019,books,C-9 type only,2010-07-02 00:00:00,2010-07-02
BA026,books,C-2/C-3 value + type,4/25/2010,2010-04-25
BE020,books,C-9 type only,2010-02-05 00:00:00,2010-02-05
BE021,books,C-2/C-3 value + type,5/16/2010,2010-05-16
BE022,books,C-2/C-3 value + type,5/23/2010,2010-05-23
BE023,books,C-2/C-3 value + type,5/30/2010,2010-05-30
BE024,books,C-2/C-3 value + type,7/18/2010,2010-07-18
BE025,books,C-2/C-3 value + type,10/24/2010,2010-10-24
BA027,books,C-9 type only,2010-03-10 00:00:00,2010-03-10
BA028,books,C-2/C-3 value + type,6/20/2010,2010-06-20
BC001,books,C-2/C-3 value + type,2/14/2010,2010-02-14
BC002,books,C-9 type only,2009-05-07 00:00:00,2009-05-07
BB001,books,C-2/C-3 value + type,5/17/2009,2009-05-17
BC003,books,C-9 type only,2009-12-04 00:00:00,2009-12-04
BB002,books,C-2/C-3 value + type,12/21/2008,2008-12-21
BC004,books,C-2/C-3 value + type,8/24/2008,2008-08-24
BB003,books,C-2/C-3 value + type,6/22/2008,2008-06-22
BB004,books,C-2/C-3 value + type,12/23/2007,2007-12-23
BB005,books,C-2/C-3 value + type,8/26/2007,2007-08-26
BC005,books,C-2/C-3 value + type,6/24/2007,2007-06-24
BA029,books,C-2/C-3 value + type,3/18/2007,2007-03-18
BA030,books,C-9 type only,2007-04-03 00:00:00,2007-04-03
BA031,books,C-9 type only,2007-11-02 00:00:00,2007-11-02
BD010,books,C-2/C-3 value + type,2026-01-12 00:00:00,2001-12-01
BA032,books,C-2/C-3 value + type,2026-01-12 00:00:00,2001-12-01
BA033,books,C-2/C-3 value + type,2026-01-12 00:00:00,2001-12-01
BD011,books,C-2/C-3 value + type,2026-01-12 00:00:00,2001-12-01
BD012,books,C-2/C-3 value + type,2026-01-12 00:00:00,2001-12-01
BD013,books,C-2/C-3 value + type,2026-01-12 00:00:00,2001-12-01
BD014,books,C-2/C-3 value + type,2026-01-12 00:00:00,2001-12-01
BC006,books,C-2/C-3 value + type,2026-01-12 00:00:00,2001-12-01
BD015,books,C-2/C-3 value + type,2026-01-12 00:00:00,2001-12-01
BA034,books,C-2/C-3 value + type,2026-01-12 00:00:00,2001-12-01
BA035,books,C-2/C-3 value + type,2026-01-12 00:00:00,2001-12-01
BD016,books,C-2/C-3 value + type,2026-01-12 00:00:00,2001-12-01
BA036,books,C-2/C-3 value + type,2026-01-12 00:00:00,2001-12-01
BA037,books,C-2/C-3 value + type,2026-01-12 00:00:00,2001-12-01
BB006,books,C-2/C-3 value + type,2026-01-12 00:00:00,2001-12-01
BB007,books,C-2/C-3 value + type,2026-01-12 00:00:00,2001-12-01
BA038,books,C-2/C-3 value + type,2026-01-12 00:00:00,2001-12-01
BD017,books,C-2/C-3 value + type,2026-01-12 00:00:00,2001-12-01
BA039,books,C-2/C-3 value + type,2026-01-12 00:00:00,2001-12-01
BA040,books,C-9 type only,2026-01-12 00:00:00,2026-01-12
BD018,books,C-9 type only,2026-01-12 00:00:00,2026-01-12
BC007,books,C-2/C-3 value + type,2026-01-12 00:00:00,2001-12-01
BC008,books,C-2/C-3 value + type,2026-01-12 00:00:00,2001-12-01
BD019,books,C-2/C-3 value + type,2026-01-12 00:00:00,2001-12-01
BC009,books,C-9 type only,2026-01-12 00:00:00,2026-01-12
BC010,books,C-9 type only,2026-01-12 00:00:00,2026-01-12
BA041,books,C-9 type only,1997-01-12 00:00:00,1997-01-12
BB008,books,C-9 type only,1997-01-12 00:00:00,1997-01-12
BC011,books,C-9 type only,1997-01-12 00:00:00,1997-01-12
BC012,books,C-2/C-3 value + type,10/22/1997,1997-10-22
BC013,books,C-2/C-3 value + type,10/17/1995,1995-10-17
BC014,books,C-2/C-3 value + type,3/21/1997,1997-03-21
BC015,books,C-9 type only,1995-12-02 00:00:00,1995-12-02
BC016,books,C-2/C-3 value + type,5/14/1995,1995-05-14
BC017,books,C-2/C-3 value + type,3/28/1997,1997-03-28
BC018,books,C-2/C-3 value + type,9/21/1997,1997-09-21
BC019,books,C-2/C-3 value + type,10/29/1997,1997-10-29
BC020,books,C-9 type only,1997-01-11 00:00:00,1997-01-11
BD020,books,C-9 type only,1997-10-10 00:00:00,1997-10-10
BD021,books,C-2/C-3 value + type,3/29/1995,1995-03-29
BC021,books,C-2/C-3 value + type,2003.0,2003-01-01
BC022,books,C-2/C-3 value + type,2003.0,2003-01-01
BE026,books,C-2/C-3 value + type,2003.0,2003-01-01
BD022,books,C-2/C-3 value + type,2003.0,2003-01-01
BD023,books,C-2/C-3 value + type,2003.0,2003-01-01
BD024,books,C-2/C-3 value + type,2003.0,2003-01-01
BD025,books,C-2/C-3 value + type,2003.0,2003-01-01
BD026,books,C-2/C-3 value + type,2003.0,2003-01-01
BA042,books,C-2/C-3 value + type,2003.0,2003-01-01
BA043,books,C-2/C-3 value + type,2003.0,2003-01-01
BA044,books,C-2/C-3 value + type,2003.0,2003-01-01
BA045,books,C-2/C-3 value + type,2003.0,2003-01-01
BA046,books,C-2/C-3 value + type,2003.0,2003-01-01
BA047,books,C-2/C-3 value + type,2003.0,2003-01-01
BA048,books,C-2/C-3 value + type,2003.0,2003-01-01
BA049,books,C-2/C-3 value + type,2003.0,2003-01-01
BE027,books,C-2/C-3 value + type,2003.0,2003-01-01
BE028,books,C-2/C-3 value + type,2003.0,2003-01-01
BA050,books,C-2/C-3 value + type,2003.0,2003-01-01
BE029,books,C-2/C-3 value + type,2003.0,2003-01-01
SE001,speeches,C-9 type only,2026-04-27 00:00:00,2026-04-27
SD002,speeches,C-9 type only,2025-08-29 00:00:00,2025-08-29
SB006,speeches,C-9 type only,2024-09-02 00:00:00,2024-09-02
SE012,speeches,C-9 type only,2024-01-16 00:00:00,2024-01-16
SE013,speeches,C-9 type only,2023-11-09 00:00:00,2023-11-09
SA015,speeches,C-9 type only,2023-10-17 00:00:00,2023-10-17
SD021,speeches,C-9 type only,2022-08-11 00:00:00,2022-08-11
SC023,speeches,C-9 type only,2022-07-07 00:00:00,2022-07-07
SD033,speeches,C-9 type only,2021-02-06 00:00:00,2021-02-06
SA041,speeches,C-9 type only,2019-10-18 00:00:00,2019-10-18
SC059,speeches,C-9 type only,2016-12-20 00:00:00,2016-12-20
SB063,speeches,C-9 type only,2016-04-19 00:00:00,2016-04-19
SB085,speeches,C-9 type only,2012-11-29 00:00:00,2012-11-29
SC130,speeches,C-9 type only,2007-05-24 00:00:00,2007-05-24
SA136,speeches,C-9 type only,2006-12-06 00:00:00,2006-12-06
SC003,speeches,C-9 type only,2025-03-05 00:00:00,2025-03-05
SD004,speeches,C-9 type only,2024-10-22 00:00:00,2024-10-22
SC005,speeches,C-9 type only,2024-09-18 00:00:00,2024-09-18
SC007,speeches,C-9 type only,2021-07-03 00:00:00,2021-07-03
SC008,speeches,C-9 type only,2021-07-03 00:00:00,2021-07-03
SD009,speeches,C-9 type only,2024-08-20 00:00:00,2024-08-20
SC010,speeches,C-9 type only,2024-06-05 00:00:00,2024-06-05
SA011,speeches,C-9 type only,2024-04-06 00:00:00,2024-04-06
SC014,speeches,C-9 type only,2023-11-16 00:00:00,2023-11-16
SD016,speeches,C-9 type only,2023-07-28 00:00:00,2023-07-28
SC017,speeches,C-9 type only,2023-06-21 00:00:00,2023-06-21
SC018,speeches,C-9 type only,2023-04-09 00:00:00,2023-04-09
SA019,speeches,C-9 type only,2022-10-03 00:00:00,2022-10-03
SA020,speeches,C-9 type only,2022-08-18 00:00:00,2022-08-18
SD022,speeches,C-9 type only,2022-07-25 00:00:00,2022-07-25
SC024,speeches,C-9 type only,2022-01-28 00:00:00,2022-01-28
SC025,speeches,C-9 type only,2021-12-07 00:00:00,2021-12-07
SD026,speeches,C-9 type only,2021-10-13 00:00:00,2021-10-13
SD027,speeches,C-9 type only,2021-08-13 00:00:00,2021-08-13
SB028,speeches,C-9 type only,2021-07-03 00:00:00,2021-07-03
SC029,speeches,C-9 type only,2021-12-07 00:00:00,2021-12-07
SC030,speeches,C-9 type only,2020-09-20 00:00:00,2020-09-20
SC031,speeches,C-9 type only,2021-05-16 00:00:00,2021-05-16
SC032,speeches,C-9 type only,2021-04-08 00:00:00,2021-04-08
SA034,speeches,C-9 type only,2020-08-24 00:00:00,2020-08-24
SD035,speeches,C-9 type only,2020-07-11 00:00:00,2020-07-11
SE036,speeches,C-9 type only,2020-06-12 00:00:00,2020-06-12
SC037,speeches,C-9 type only,2019-11-27 00:00:00,2019-11-27
SE038,speeches,C-9 type only,2019-11-14 00:00:00,2019-11-14
SB039,speeches,C-9 type only,2019-11-11 00:00:00,2019-11-11
SB040,speeches,C-9 type only,2019-10-23 00:00:00,2019-10-23
SB042,speeches,C-9 type only,2019-10-16 00:00:00,2019-10-16
SA043,speeches,C-9 type only,2019-07-10 00:00:00,2019-07-10
SD044,speeches,C-9 type only,2019-05-18 00:00:00,2019-05-18
SA045,speeches,C-9 type only,2019-04-13 00:00:00,2019-04-13
SC046,speeches,C-9 type only,2019-04-12 00:00:00,2019-04-12
SD047,speeches,C-9 type only,2019-03-28 00:00:00,2019-03-28
SA048,speeches,C-9 type only,2019-03-09 00:00:00,2019-03-09
SA049,speeches,C-9 type only,2018-08-01 00:00:00,2018-08-01
SB050,speeches,C-9 type only,2018-11-24 00:00:00,2018-11-24
SB051,speeches,C-9 type only,2018-10-17 00:00:00,2018-10-17
SA052,speeches,C-9 type only,2018-05-12 00:00:00,2018-05-12
SC053,speeches,C-9 type only,2018-04-27 00:00:00,2018-04-27
SD054,speeches,C-9 type only,2018-03-23 00:00:00,2018-03-23
SA055,speeches,C-9 type only,2017-10-27 00:00:00,2017-10-27
SA056,speeches,C-9 type only,2017-07-28 00:00:00,2017-07-28
SC057,speeches,C-9 type only,2017-05-07 00:00:00,2017-05-07
SC058,speeches,C-9 type only,2017-03-15 00:00:00,2017-03-15
SD060,speeches,C-9 type only,2016-12-01 00:00:00,2016-12-01
SC061,speeches,C-9 type only,2016-07-16 00:00:00,2016-07-16
SC062,speeches,C-9 type only,2016-05-04 00:00:00,2016-05-04
SC064,speeches,C-9 type only,2016-03-14 00:00:00,2016-03-14
SB065,speeches,C-9 type only,2015-10-19 00:00:00,2015-10-19
SC066,speeches,C-9 type only,2015-08-04 00:00:00,2015-08-04
SC067,speeches,C-9 type only,2015-07-17 00:00:00,2015-07-17
SB068,speeches,C-9 type only,2015-07-07 00:00:00,2015-07-07
SC069,speeches,C-9 type only,2015-06-26 00:00:00,2015-06-26
SC070,speeches,C-9 type only,2015-06-04 00:00:00,2015-06-04
SC071,speeches,C-9 type only,2015-05-22 00:00:00,2015-05-22
SB072,speeches,C-9 type only,2015-05-04 00:00:00,2015-05-04
SB073,speeches,C-9 type only,2015-02-26 00:00:00,2015-02-26
SA074,speeches,C-9 type only,2014-11-27 00:00:00,2014-11-27
SB075,speeches,C-9 type only,2014-09-19 00:00:00,2014-09-19
SC076,speeches,C-9 type only,2014-05-13 00:00:00,2014-05-13
SC077,speeches,C-9 type only,2014-04-09 00:00:00,2014-04-09
SA078,speeches,C-9 type only,2014-03-26 00:00:00,2014-03-26
SB079,speeches,C-9 type only,2014-02-23 00:00:00,2014-02-23
SC080,speeches,C-9 type only,2014-01-28 00:00:00,2014-01-28
SC081,speeches,C-9 type only,2013-06-15 00:00:00,2013-06-15
SD082,speeches,C-9 type only,2013-04-18 00:00:00,2013-04-18
SB083,speeches,C-9 type only,2013-04-04 00:00:00,2013-04-04
SC084,speeches,C-9 type only,2013-02-13 00:00:00,2013-02-13
SA085,speeches,C-9 type only,2012-11-29 00:00:00,2012-11-29
SB086,speeches,C-9 type only,2012-11-19 00:00:00,2012-11-19
SD087,speeches,C-9 type only,2012-09-19 00:00:00,2012-09-19
SC088,speeches,C-9 type only,2012-09-18 00:00:00,2012-09-18
SA089,speeches,C-9 type only,2012-06-30 00:00:00,2012-06-30
SC090,speeches,C-9 type only,2012-03-29 00:00:00,2012-03-29
SC091,speeches,C-9 type only,2011-12-20 00:00:00,2011-12-20
SE092,speeches,C-9 type only,2011-12-15 00:00:00,2011-12-15
SC093,speeches,C-9 type only,2011-10-20 00:00:00,2011-10-20
SB094,speeches,C-9 type only,2011-09-28 00:00:00,2011-09-28
SA095,speeches,C-9 type only,2011-08-05 00:00:00,2011-08-05
SA096,speeches,C-9 type only,2011-06-16 00:00:00,2011-06-16
SC097,speeches,C-9 type only,2011-05-03 00:00:00,2011-05-03
SA098,speeches,C-9 type only,2011-03-30 00:00:00,2011-03-30
SA099,speeches,C-9 type only,2010-11-19 00:00:00,2010-11-19
SC100,speeches,C-9 type only,2010-11-12 00:00:00,2010-11-12
SC101,speeches,C-9 type only,2010-05-21 00:00:00,2010-05-21
SA102,speeches,C-9 type only,2010-05-06 00:00:00,2010-05-06
SE103,speeches,C-9 type only,2010-04-20 00:00:00,2010-04-20
SC104,speeches,C-9 type only,2010-01-28 00:00:00,2010-01-28
SA105,speeches,C-9 type only,2010-01-26 00:00:00,2010-01-26
SC106,speeches,C-9 type only,2009-12-14 00:00:00,2009-12-14
SA107,speeches,C-9 type only,2009-10-25 00:00:00,2009-10-25
SE108,speeches,C-9 type only,2009-07-30 00:00:00,2009-07-30
SC109,speeches,C-9 type only,2009-06-27 00:00:00,2009-06-27
SB110,speeches,C-9 type only,2009-05-12 00:00:00,2009-05-12
SA111,speeches,C-9 type only,2009-03-23 00:00:00,2009-03-23
SA112,speeches,C-9 type only,2009-01-27 00:00:00,2009-01-27
SB113,speeches,C-9 type only,2009-01-22 00:00:00,2009-01-22
SA114,speeches,C-9 type only,2008-12-08 00:00:00,2008-12-08
SB115,speeches,C-9 type only,2008-10-22 00:00:00,2008-10-22
SC116,speeches,C-9 type only,2008-07-21 00:00:00,2008-07-21
SC117,speeches,C-9 type only,2008-06-22 00:00:00,2008-06-22
SC118,speeches,C-9 type only,2008-06-14 00:00:00,2008-06-14
SA119,speeches,C-9 type only,2008-05-08 00:00:00,2008-05-08
SA120,speeches,C-9 type only,2008-04-29 00:00:00,2008-04-29
SC121,speeches,C-9 type only,2008-04-23 00:00:00,2008-04-23
SA122,speeches,C-9 type only,2008-04-09 00:00:00,2008-04-09
SA123,speeches,C-9 type only,2008-01-29 00:00:00,2008-01-29
SA124,speeches,C-9 type only,2008-01-29 00:00:00,2008-01-29
SC125,speeches,C-9 type only,2008-01-22 00:00:00,2008-01-22
SA126,speeches,C-9 type only,2007-12-15 00:00:00,2007-12-15
SC127,speeches,C-9 type only,2007-11-08 00:00:00,2007-11-08
SC128,speeches,C-9 type only,2007-08-16 00:00:00,2007-08-16
SC129,speeches,C-9 type only,2007-08-14 00:00:00,2007-08-14
SA131,speeches,C-9 type only,2007-04-26 00:00:00,2007-04-26
SA132,speeches,C-9 type only,2007-02-26 00:00:00,2007-02-26
SA133,speeches,C-9 type only,2007-02-16 00:00:00,2007-02-16
SA134,speeches,C-9 type only,2007-02-07 00:00:00,2007-02-07
SC135,speeches,C-9 type only,2006-12-12 00:00:00,2006-12-12
SD137,speeches,C-9 type only,2006-11-30 00:00:00,2006-11-30
SA138,speeches,C-9 type only,2006-11-29 00:00:00,2006-11-29
SA139,speeches,C-9 type only,2006-11-27 00:00:00,2006-11-27
SD140,speeches,C-9 type only,2006-11-24 00:00:00,2006-11-24
SD141,speeches,C-9 type only,2006-11-24 00:00:00,2006-11-24
SA142,speeches,C-9 type only,2006-11-15 00:00:00,2006-11-15
SD143,speeches,C-9 type only,2006-11-14 00:00:00,2006-11-14
SC144,speeches,C-9 type only,2006-11-06 00:00:00,2006-11-06
SA145,speeches,C-9 type only,2006-10-18 00:00:00,2006-10-18
SD146,speeches,C-9 type only,2006-10-12 00:00:00,2006-10-12
SA147,speeches,C-9 type only,2006-10-08 00:00:00,2006-10-08
SD148,speeches,C-9 type only,2006-10-05 00:00:00,2006-10-05
SA149,speeches,C-9 type only,2006-09-16 00:00:00,2006-09-16
SD150,speeches,C-9 type only,2006-08-25 00:00:00,2006-08-25
SC151,speeches,C-9 type only,1995-10-18 00:00:00,1995-10-18
SC152,speeches,C-9 type only,1995-08-25 00:00:00,1995-08-25
SC153,speeches,C-9 type only,1994-11-23 00:00:00,1994-11-23
GC001,biography,C-9 type only,2001-01-20 00:00:00,2001-01-20
GC009,biography,C-9 type only,1990-07-01 00:00:00,1990-07-01
GC010,biography,C-9 type only,1991-06-01 00:00:00,1991-06-01
GC016,biography,C-9 type only,2001-01-20 00:00:00,2001-01-20
