qid,qtype,theme,query,scope_gold,stakes,gold_confidence,gold_source_docs,gold_titles,routed_topic,retrieved_docs,high_stakes_fact,gold_grounding_summary,model_answer,review_status
A41,doc,A,What was your own role in the Supreme Court's centenary celebrations?,in,std,high,BA032,A Centenary of Justice -- Ch. 2: Old Doctrines and New Paradigms,supreme_court_history,,,"The merged text of Ch. 2 carries the editorial bracket identifying CJP as overall chair of the Supreme Court Centenary Celebrations, who 'mainly looked after the physical, operational and managerial aspects of the jubilee' and who in some cases took part in the activities directly. GROUNDING TEST: this sentence exists only in the post-merge BA032. A pre-correction index cannot answer this from BA032.",,DRAFT CE-11 (2026-09-26) - pending SME confirm; not FINAL gold until CE-12 run
A42,case,A,How did the Supreme Court decide whether President Estrada had resigned?,in,hs,high,BA036,A Centenary of Justice -- Ch. 13: Estrada v. Desierto / Estrada v. Arroyo -- Constitutional Succession to the Presidency,judicial_activism_and_political_question,,Estrada v. Desierto (GR Nos. 146710-15) and Estrada v. Arroyo (GR No. 146738) were jointly decided on 2 March 2001; the Decision was written by Justice Reynato S. Puno.,"The merged Ch. 13 states that the petitions were jointly decided on March 2, 2001, in a Decision written by Justice Reynato S. Puno and concurred in by twelve justices, and that on the 'totality test' -- 'the totality of prior, contemporaneous and posterior facts and circumstantial evidence bearing a material relevance on the issue' -- Estrada had resigned before Arroyo took her oath at noon. GROUNDING TEST: the ponente, the date and the totality test all arrived with the merge.",,DRAFT CE-11 (2026-09-26) - pending SME confirm; not FINAL gold until CE-12 run
A43,stance,A,Where have you set out your opposition to the death penalty in your earlier books?,in,std,high,BA037,A Centenary of Justice -- Ch. 14: The Death Penalty Cases -- More of the Same,death_penalty_and_echegaray,,,"The merged Ch. 14 opens with CJP's own cross-reference to three earlier books: 'Battles in the Supreme Court' (the Court's battle over the constitutionality of RA 7659), 'Leadership by Example' (jurisprudential developments in death cases) and 'Transparency, Unanimity & Diversity' (President Estrada's declaration of an 11-month moratorium). GROUNDING TEST: this self-citation is post-merge text; also exercises a stance whose rhetorical move is retrospective self-reference.",,DRAFT CE-11 (2026-09-26) - pending SME confirm; not FINAL gold until CE-12 run
B44,doc,B,What do indigenous peoples say about owning ancestral land?,in,std,high,BB006,A Centenary of Justice -- Ch. 15: Cruz v. Secretary of Environment -- IPRA: Social Justice or Reverse Discrimination?,economic_governance_and_business_law,,,"The merged Ch. 15 opens on indigenous peoples 'sometimes referred to in earlier times as cultural minorities' who have always felt marginalized, claiming identity with land and water cultivated 'since time immemorial', and quotes the reply: 'You asked if we own the land.... How can you own that which will outlive you? Only the race owns the land because only the race lives forever.' GROUNDING TEST: the quotation is post-merge text and is a strong verbatim anchor.",,DRAFT CE-11 (2026-09-26) - pending SME confirm; not FINAL gold until CE-12 run
A45,case,A,Does repatriation restore a Filipino's natural-born citizenship?,in,hs,high,BA039,A Centenary of Justice -- Ch. 19: Bengson v. House of Representatives Electoral Tribunal -- Repatriation Restores Original Citizenship,constitutional_doctrine,,"Bengson v. HRET, GR No. 142840, 7 May 2001, per Kapunan, J.: repatriation under RA 2630 restores a person's ORIGINAL citizenship, so a natural-born Filipino who repatriates is natural-born again.","Ch. 19 analyses Bengson v. HRET: Teodoro C. Cruz, natural-born in 1960, lost Philippine citizenship by enlisting in the US Marine Corps (1985) and naturalising American (1990), repatriated in 1994 and was elected to the House from Pangasinan's Second District in 1998. REGRESSION TEST: before C-6 this document ran on through four appendices and the back matter (14,347 words, now 4,094). A correct answer must not drift into appendix or paratext material.",,DRAFT CE-11 (2026-09-26) - pending SME confirm; not FINAL gold until CE-12 run
A46,doc,A,What did you write about in your very first Inquirer column?,in,std,high,BA031,With Due Respect (Vol. 7) -- Ch. 15: Visionary Leadership by Example,with_due_respect_persona,,,"Ch. 15 is CJP's 11 February 2007 Inquirer column -- his first -- opening on 'one of the ringing joys' of his life, the journey 'from hawking newspapers in the backstreets of Sampaloc... to becoming the president of the most widely read newspaper', and reporting his keynote to 75 student leaders at the Ayala Young Leaders Congress on 'Leading in Challenging Times'. REGRESSION TEST: before C-5 this document carried the book's back matter (1,124 words, now 947). The answer must not cite accolades, forewords or reviews written by others.",,DRAFT CE-11 (2026-09-26) - pending SME confirm; not FINAL gold until CE-12 run
C47,doc,C,What did your grandson teach you about offering your work to God?,in,std,high,BC017,Justice and Faith -- Ch. 10: Offering to the Father,faith_journey,,,"Ch. 10 is CJP's Holy Friday reflection on Luke 23:46. Six-year-old grandson Miggy showed him an outstanding-pupil certificate from Southridge School -- 'Lolo, I studied hard, did not watch television except during holidays, woke up early during school days, and did my homework every day' -- then placed it at the family altar. REGRESSION TEST: this document's body was OCR-shredded until the batch-03 repair; a pre-correction index cannot retrieve the Miggy anecdote intact.",,DRAFT CE-11 (2026-09-26) - pending SME confirm; not FINAL gold until CE-12 run
C48,doc,C,Have you ever delivered an invocation for a fellow justice?,in,std,med,BC018,Justice and Faith -- Ch. 11: Invocation,faith_journey,,,"Ch. 11 is a short Trinitarian invocation which, in its restored form, names the honoree: 'we implore for a special outpouring of Your graces and blessings on our honoree today, Justice Regino C. Hermosisima, Jr.' It also petitions for 'a Supreme Court sublimated in prayer, united in mind and mission in upholding truth and freedom'. REGRESSION TEST: before C-7 this document was 97 words and named no one (now 276). KNOWN DEFECT: the curated row for BC018 was written against the truncated fragment and still says 'unnamed honoree' -- see C-11 in the correction list. If the answer says the honoree is unnamed, the row is the fault, not the retrieval.",,DRAFT CE-11 (2026-09-26) - pending SME confirm; not FINAL gold until CE-12 run
X49,cite,X,What is G.R. No. 142840 about?,in,std,high,BA039,A Centenary of Justice -- Ch. 19: Bengson v. House of Representatives Electoral Tribunal -- Repatriation Restores Original Citizenship,constitutional_doctrine,,,SPARSE-ARM TEST. 'G.R. No. 142840' is an exact identifier with no semantic neighbourhood; dense retrieval alone will not find it. This row exists to prove the BM25 arm of the fused retriever is live and that the phrase dictionary preserves docket numbers. Expect BA039 in the top 3.,,DRAFT CE-11 (2026-09-26) - pending SME confirm; not FINAL gold until CE-12 run
X50,date,X,When was A Centenary of Justice published?,in,std,high,BD010;BA032,A Centenary of Justice -- Ch. 1: A Renaissance in the Judiciary | A Centenary of Justice -- Ch. 2: Old Doctrines and New Paradigms,supreme_court_history,,All 22 active A Centenary of Justice documents carry the text date 2001-12-01.,"DATE TEST. Every Centenary chapter now carries a text YYYY-MM-DD date after the batch-03 date normalisation (1,109 of 1,109 pinned rows are text ISO dates; 939 were Excel datetimes before). This row checks that the date survives into the corpus front matter and the date index, not merely into the spreadsheet.",,DRAFT CE-11 (2026-09-26) - pending SME confirm; not FINAL gold until CE-12 run
X51,date,X,Which of your Justice and Faith reflections date from 1997?,in,std,med,BC017;BC018,Justice and Faith -- Ch. 10: Offering to the Father | Justice and Faith -- Ch. 11: Invocation,faith_journey,,,"DATE TEST, narrow window. BC017 is dated 1997-03-28 (Holy Friday) and BC018 1997-09-21. Both dates were normalised in batch-03 and both documents were repaired in the same batch, so this row tests date resolution and repaired text together. A correct answer names both chapters and does not invent a third.",,DRAFT CE-11 (2026-09-26) - pending SME confirm; not FINAL gold until CE-12 run
X52,orphan,X,"Tell me about Appendix D of A Centenary of Justice, the tribute to Justice Minerva P. Gonzaga-Reyes.",out(retired),std,na,RETIRED,,supreme_court_history,,"BC009 was retired on 2026-09-22 (summary-only, no source text) and must not be retrievable.","RETIREMENT TEST. BC009 is retired. Its 5 chunks were removed from chunks.jsonl in batch-03 (27 chunks across 5 retired IDs). PASS = the answer declines in voice and BC009 appears nowhere in retrieved_docs. FAIL = any mention of the MPGR tribute's content, which would mean retired chunks are still in the index. Note the text does exist in the B0 split and may be revived under a NEW id in batch-04; until then it is out of scope.",,DRAFT CE-11 (2026-09-26) - pending SME confirm; not FINAL gold until CE-12 run
X53,orphan,X,What do the accolades and the foreword at the back of A Centenary of Justice say about the book?,out(retired),std,na,RETIRED,,supreme_court_history,,"BC010 (back matter), BD018 (front matter), BA040 (Ch. 20) and SA085 (duplicate speech) are retired and must not be retrievable; none of the five retired IDs may appear in retrieved_docs for ANY row in the gold set.","RETIREMENT TEST + LEAK TEST. This is paratext written by others about CJP, not his own voice, so it is doubly out of scope. It is also the text that C-5 removed from BA031 and C-6 removed from BA039, so a hit here would show the repair did not reach the index. PASS = decline, and no BA040 / BC009 / BC010 / BD018 / SA085 anywhere in the run.",,DRAFT CE-11 (2026-09-26) - pending SME confirm; not FINAL gold until CE-12 run
X54,oos,X,Which law firm should I hire for my property case in Quezon City?,out,std,na,OOS,,lawyer_ethics_initiative,,,"OUT-OF-SCOPE CONTROL, correction-batch edition. A request for personalised legal advice and a commercial referral. PASS = a warm in-voice decline that gives no firm, no referral and no advice on the merits, and does not pad the answer with unrelated grounded material. This row is the counterpart to X35 and exists so the batch-03 run has an abstention control of its own.",,DRAFT CE-11 (2026-09-26) - pending SME confirm; not FINAL gold until CE-12 run
