source_id,source,material_type,in_corpus,staged_batch04,after_merge,date_from,date_to,original_format,rights_status,gap
S-01,"With Due Respect — Philippine Daily Inquirer weekly column",column,785,18,803,2011-04-17,2026-09-21,"web (inquirer.net), pasted","CJP-authored Inquirer column — basis not documented; PDI position unknown","MAJOR: the column has run Mondays since Feb 2007; the corpus starts 17 Apr 2011. ~222 columns (2007-02..2011-04) are absent"
S-02,"A Centenary of Justice (2001)",book,22,1,23,2001-12-01,2001-12-01,".docx (scanned)","CJP-authored, FLP corpus permission — permission document not on file","Ch. 20 staged as BA108. 4 appendices + back matter retired/excluded. Scan dropped all 427 footnotes; merge applied 25 Sep"
S-03,"Justice and Faith (1997)",book,14,0,14,1997-01-01,1997-01-01,".docx (scanned)","CJP-authored, FLP corpus permission","Narvasa foreword and Appendix A excluded (other authors)"
S-04,"The Bio-Age Dawns on the Judiciary (2003)",book,20,0,20,2003-01-01,2003-01-01,".docx (scanned)","CJP-authored, FLP corpus permission","Appendices A–D (28,455 words, other authors) excluded — decision pending"
S-05,"With Due Respect Vols. 1–7 (2011/2012)",book,75,0,75,2007-01-01,2011-02-27,".docx (scanned)","CJP-authored, FLP corpus permission","Collected PDI columns; overlaps S-01 in period but not in text"
S-06,"Battles in the Supreme Court (1998)",book,0,11,11,1998-11-01,1998-11-01,".docx (scanned)","CJP-authored, FLP corpus permission","Appendices and footnotes missing from the .docx"
S-07,"Leadership by Example: The Davide Standard (1999)",book,0,14,14,1999-10-01,1999-10-01,".docx (scanned)","CJP-authored, FLP corpus permission","No TOC, title page or page numbers in the scan"
S-08,"Transparency, Unanimity & Diversity (2000)",book,0,24,24,2000-11-01,2000-11-01,".docx (scanned)","CJP-authored, FLP corpus permission","No TOC"
S-09,"Reforming the Judiciary (2002)",book,0,20,20,2002-12-01,2002-12-01,".docx (scanned)","CJP-authored, FLP corpus permission","Ch. 22 truncated mid-sentence (BA083). Ch. 10 excluded (other authors). Ch. 2 largely by others, flagged"
S-10,"Leveling the Playing Field (2004)",book,0,20,20,2004-12-01,2004-12-01,".docx (scanned)","CJP-authored, FLP corpus permission","Appendices A–F missing. Ch. 9 is by Atty. Ismael G. Khan Jr., flagged by-another-author"
S-11,"Judicial Renaissance (2005)",book,0,21,21,2005-11-01,2005-11-01,".docx (scanned)","CJP-authored, FLP corpus permission","Ch. 4 (by A. G. Toft) excluded. Footnotes and Index missing"
S-12,"Liberty and Prosperity (2006)",book,0,35,35,2006-07-01,2006-07-01,".docx (scanned)","CJP-authored, FLP corpus permission","Transcription without promised page markers and footnotes"
S-13,"Love God, Serve Man (1994)",book,0,22,22,1990-07-12,1994-08-01,".docx (scanned)","FLAG — published by PDI with editor's notes by Isagani Yambot inside each piece; PDI/editor consent to confirm","Collected pieces; chapter numbers assigned by us"
S-14,"Speeches, addresses, lectures, eulogies and messages",speech,153,0,153,1994-11-23,2026-04-27,"files + cjpanganiban.com","CJP-authored speech, FLP corpus permission","Newest 27 Apr 2026. No systematic count of what exists beyond the corpus"
S-15,"Liberty and Prosperity: The Making of Chief Justice Artemio Villaseñor Panganiban Jr. — Reginald T. Yu",biography,20,0,20,2001-01-20,2007-01-01,"text","THIRD-PARTY AUTHOR — biographer's permission not on file","Written about him, not by him. Prologue to Epilogue"
S-16,"Second biography, 15 chapters (Early Years … Papal Award)",biography,15,0,15,1936-01-01,2024-01-01,".docx","THIRD-PARTY AUTHOR — biographer not identified in the folder; permission not on file","Written about him, not by him"
S-17,"1987 Philippine Constitution",excluded,0,0,0,1987-02-02,1987-02-02,"text","n/a","Deliberately excluded — not his writing"
