source,material_type,title,publication_date,date_precision,publisher,theme,theme_reason,rights_consent_status,doc_id,superseded_doc_id,book_title,chapter_no,est_words,note
https://opinion.inquirer.net/110720/rule-of-or-by-law,column,"Rule of, or by, law",2018-02-02,day,Philippine Daily Inquirer (Inquirer Opinion),A,Rule of law vs rule by law (theme A in Phase 1),Inquirer column by CJP — same basis as the other 785 columns; confirm at CE-1,CA529,,,,1077,Recovered from Phase-1 CA016 (archive/phase1). Never in the live corpus. Text: batch-04/data_text/CA529.md; enriched row: batch-04/columns_enriched.xlsx (from the Phase-1 record).
https://opinion.inquirer.net/191914/government-must-speak-with-one-voice,column,Government must speak with one voice,2026-05-25,day,Philippine Daily Inquirer (Inquirer Opinion),A,Rule of law and separation of powers: executive vs judiciary on ICC cooperation and the need for one consistent government legal position,"CJP-authored Inquirer column, same basis as the existing 785",CA530,,,,794,
https://opinion.inquirer.net/192068/the-fugitive,column,The fugitive,2026-06-01,day,Philippine Daily Inquirer (Inquirer Opinion),A,"Rule of law: legal meaning of 'fugitive from justice', fugitive disentitlement doctrine, and duty to enforce the ICC warrant","CJP-authored Inquirer column, same basis as the existing 785",CA531,,,,809,
https://opinion.inquirer.net/192248/correcting-birth-marriage-and-death-data,column,"Correcting birth, marriage, and death data",2026-06-08,day,Philippine Daily Inquirer (Inquirer Opinion),A,Rule of law in daily life: administrative vs judicial correction of civil registry entries and the PSA's new Apcas platform,"CJP-authored Inquirer column, same basis as the existing 785",CA532,,,,797,
https://opinion.inquirer.net/192407/wanted-senator-heroes,column,Wanted: Senator-heroes,2026-06-15,day,Philippine Daily Inquirer (Inquirer Opinion),A,Rule of law and separation of powers: constitutional quorum and officer-election rules in the Senate deadlock; Court should not intervene before internal remedies are exhausted,"CJP-authored Inquirer column, same basis as the existing 785",CA533,,,,847,
https://opinion.inquirer.net/192567/the-scs-125th-from-tradition-to-innovation,column,The SC's 125th: From tradition to innovation,2026-06-22,day,Philippine Daily Inquirer (Inquirer Opinion),A,"Liberty, prosperity and the rule of law: the Supreme Court's 125th anniversary, judicial independence and innovation","CJP-authored Inquirer column, same basis as the existing 785",CA534,,,,785,
https://opinion.inquirer.net/192744/for-now-look-at-the-means-not-yet-the-end,column,"For now, look at the means, not yet the end",2026-06-29,day,Philippine Daily Inquirer (Inquirer Opinion),A,Rule of law and impeachment procedure: the conviction threshold debate vs the importance of the pretrial in VP Sara Duterte's trial,"CJP-authored Inquirer column, same basis as the existing 785",CA535,,,,847,
https://opinion.inquirer.net/192907/intention-different-from-discernment-to-kill,column,Intention different from discernment to kill,2026-07-06,day,Philippine Daily Inquirer (Inquirer Opinion),A,"Rule of law and juvenile justice: discernment vs criminal intent under RA 9344, applied to the Tacloban shooting","CJP-authored Inquirer column, same basis as the existing 785",CA536,,,,841,
https://opinion.inquirer.net/193059/independence-for-the-sc-and-bsp,column,Independence for the SC and BSP,2026-07-13,day,Philippine Daily Inquirer (Inquirer Opinion),B,"Prosperity and economic philosophy: central bank independence as the buffer against financial crises, paralleled with judicial independence","CJP-authored Inquirer column, same basis as the existing 785",CB020,,,,785,
https://opinion.inquirer.net/193194/cheapest-most-reliable-accessible-power,column,"Cheapest, most reliable, accessible power",2026-07-20,day,Philippine Daily Inquirer (Inquirer Opinion),B,"Prosperity and economic philosophy: solar power as the cheapest, most reliable and accessible energy source for household relief and economic independence","CJP-authored Inquirer column, same basis as the existing 785",CB021,,,,748,
https://opinion.inquirer.net/193356/four-truths-on-saras-trial,column,Four truths on Sara's trial,2026-07-27,day,Philippine Daily Inquirer (Inquirer Opinion),A,"Rule of law and evidence: judicial, political, public and absolute truth in VP Sara Duterte's impeachment trial","CJP-authored Inquirer column, same basis as the existing 785",CA537,,,,806,
https://opinion.inquirer.net/193508/judicial-truth-vis-a-vis-actual-truth,column,Judicial truth vis-à-vis actual truth,2026-08-03,day,Philippine Daily Inquirer (Inquirer Opinion),A,"Rule of law and the justice system: why judicial truth diverges from actual truth (witnesses, lawyers, judges) and how to narrow the gap","CJP-authored Inquirer column, same basis as the existing 785",CA538,,,,820,
https://opinion.inquirer.net/193674/saras-options,column,Sara's options,2026-08-10,day,Philippine Daily Inquirer (Inquirer Opinion),A,"Rule of law and impeachment: SC's dismissal of the petitions and VP Sara Duterte's options (defend, resign, rally public support) under the Constitution","CJP-authored Inquirer column, same basis as the existing 785",CA539,,,,829,
https://opinion.inquirer.net/193829/two-thirds,column,Two-thirds,2026-08-17,day,Philippine Daily Inquirer (Inquirer Opinion),A,"Rule of law and impeachment: how the voting denominator for the two-thirds conviction threshold should be identified, drawing on Supreme Court practice","CJP-authored Inquirer column, same basis as the existing 785",CA540,,,,846,
https://opinion.inquirer.net/193974/is-quiboloy-extraditable-immediately,column,Is Quiboloy extraditable immediately?,2026-08-24,day,Philippine Daily Inquirer (Inquirer Opinion),A,"Rule of law and criminal procedure: extradition rules, CJP's Purganan precedent, and why Quiboloy cannot be extradited immediately","CJP-authored Inquirer column, same basis as the existing 785",CA541,,,,810,
https://opinion.inquirer.net/194120/liberal-jurisprudence-on-bigamy,column,Liberal jurisprudence on bigamy,2026-08-31,day,Philippine Daily Inquirer (Inquirer Opinion),A,"Rule of law in family and criminal law: void ab initio prior marriage as a defense to bigamy without a prior judicial declaration (Pulido, Lapira)","CJP-authored Inquirer column, same basis as the existing 785",CA542,,,,815,
https://opinion.inquirer.net/194257/flps-futuristic-museum-finds-a-home,column,FLP's futuristic museum finds a home,2026-09-07,day,Philippine Daily Inquirer (Inquirer Opinion),D,"FLP mission and foundation: laying the time capsule for FLP's Museum for Liberty and Prosperity, its partner institutions and generational leadership","CJP-authored Inquirer column, same basis as the existing 785",CD030,,,,812,
https://opinion.inquirer.net/194413/after-10-years-where-are-flps-scholars-now,column,"After 10 years, where are FLP's scholars now?",2026-09-14,day,Philippine Daily Inquirer (Inquirer Opinion),D,FLP mission and foundation: 10 years of FLP's law scholarship program and where its scholars are now,"CJP-authored Inquirer column, same basis as the existing 785",CD031,,,,826,
https://opinion.inquirer.net/194563/commonsensical-interpretation,column,Commonsensical interpretation,2026-09-21,day,Philippine Daily Inquirer (Inquirer Opinion),A,Rule of law and constitutional interpretation: CJP's amicus curiae view that senator-judges should apply truth and fairness to the two-thirds rule in impeachment,"CJP-authored Inquirer column, same basis as the existing 785",CA543,,,,824,
