order,book_title,part_label_as_printed,classification,skip_reason,chapter_no,chapter_title,start_page,end_page,word_count,file,collected_piece,original_date,original_outlet,flags,volume
1,With Due Respect (Vol. 1),Cover and title page,SKIP,title page,,,,,17,,no,,,,1
2,With Due Respect (Vol. 1),"Copyright page, CIP data, imprint",SKIP,copyright page,,,,,140,,no,,,,1
3,With Due Respect (Vol. 1),Table of Contents,SKIP,table of contents,,,,,550,,no,,,,1
4,With Due Respect (Vol. 1),"Foreword by Isagani Yambot, Publisher, Philippine Daily Inquirer",SKIP,"foreword, by someone else",,,,,411,,no,,,,1
5,With Due Respect (Vol. 1),BOOK 1: On Gloria Macapagal-Arroyo,SKIP,part divider,,,,,5,,no,,,,1
6,With Due Respect (Vol. 1),CHAPTER 1 GMA's Legacy,CHAPTER,,1,GMA's Legacy,,,889,vol-1/ch01_gma-s-legacy.md,yes,2007-08-12,Philippine Daily Inquirer (column “With Due Respect”),,1
7,With Due Respect (Vol. 1),CHAPTER 2 For or Against GMA,CHAPTER,,2,For or Against GMA,,,899,vol-1/ch02_for-or-against-gma.md,yes,2007-09-30,Philippine Daily Inquirer (column “With Due Respect”),,1
8,With Due Respect (Vol. 1),CHAPTER 3 Rage for Truth,CHAPTER,,3,Rage for Truth,,,900,vol-1/ch03_rage-for-truth.md,yes,2008-03-02,Philippine Daily Inquirer (column “With Due Respect”),,1
9,With Due Respect (Vol. 1),CHAPTER 4 Untrammeled Search for Truth,CHAPTER,,4,Untrammeled Search for Truth,,,894,vol-1/ch04_untrammeled-search-for-truth.md,yes,2008-03-16,Philippine Daily Inquirer (column “With Due Respect”),,1
10,With Due Respect (Vol. 1),"CHAPTER 5 Country, Democracy, and Economy",CHAPTER,,5,"Country, Democracy, and Economy",,,815,vol-1/ch05_country-democracy-and-economy.md,yes,2008-03-23,Philippine Daily Inquirer (column “With Due Respect”),ocr-garbled-date-line,1
11,With Due Respect (Vol. 1),CHAPTER 6 Can GMA Reign Beyond 2010?,CHAPTER,,6,Can GMA Reign Beyond 2010?,,,870,vol-1/ch06_can-gma-reign-beyond-2010.md,yes,2008-07-20,Philippine Daily Inquirer (column “With Due Respect”),,1
12,With Due Respect (Vol. 1),CHAPTER 7 Will GMA Win the Cha-cha War?,CHAPTER,,7,Will GMA Win the Cha-cha War?,,,863,vol-1/ch07_will-gma-win-the-cha-cha-war.md,yes,2008-07-27,Philippine Daily Inquirer (column “With Due Respect”),,1
13,With Due Respect (Vol. 1),CHAPTER 8 Limits of Presidential Power,CHAPTER,,8,Limits of Presidential Power,,,866,vol-1/ch08_limits-of-presidential-power.md,yes,2009-08-23,Philippine Daily Inquirer (column “With Due Respect”),,1
14,With Due Respect (Vol. 1),CHAPTER 9 Dress Her Down Anyway,CHAPTER,,9,Dress Her Down Anyway,,,886,vol-1/ch09_dress-her-down-anyway.md,yes,2009-12-13,Philippine Daily Inquirer (column “With Due Respect”),,1
15,With Due Respect (Vol. 1),CHAPTER 10 How GMA Can Prolong Her Stay,CHAPTER,,10,How GMA Can Prolong Her Stay,,,887,vol-1/ch10_how-gma-can-prolong-her-stay.md,yes,2010-01-31,Philippine Daily Inquirer (column “With Due Respect”),,1
16,With Due Respect (Vol. 2),BOOK 2: On the Supreme Court,SKIP,part divider,,,,,6,,no,,,,2
17,With Due Respect (Vol. 2),CHAPTER 1 An Extraordinary Court,CHAPTER,,1,An Extraordinary Court,,,837,vol-2/ch01_an-extraordinary-court.md,yes,2008-12-28,Philippine Daily Inquirer (column “With Due Respect”),,2
18,With Due Respect (Vol. 2),CHAPTER 2 Bequeathing an Independent Court,CHAPTER,,2,Bequeathing an Independent Court,,,864,vol-2/ch02_bequeathing-an-independent-court.md,yes,2009-01-11,Philippine Daily Inquirer (column “With Due Respect”),,2
19,With Due Respect (Vol. 2),CHAPTER 3 How the SC Decides Cases,CHAPTER,,3,How the SC Decides Cases,,,877,vol-2/ch03_how-the-sc-decides-cases.md,yes,2009-06-21,Philippine Daily Inquirer (column “With Due Respect”),,2
20,With Due Respect (Vol. 2),CHAPTER 4 Uphold the Constitution,CHAPTER,,4,Uphold the Constitution,,,778,vol-2/ch04_uphold-the-constitution.md,yes,2009-12-20,Philippine Daily Inquirer (column “With Due Respect”),,2
21,With Due Respect (Vol. 2),CHAPTER 5 Chief Justice of the Philippines,CHAPTER,,5,Chief Justice of the Philippines,,,887,vol-2/ch05_chief-justice-of-the-philippines.md,yes,2009-12-27,Philippine Daily Inquirer (column “With Due Respect”),,2
22,With Due Respect (Vol. 2),CHAPTER 6 Midnight Chief Justice,CHAPTER,,6,Midnight Chief Justice,,,918,vol-2/ch06_midnight-chief-justice.md,yes,2010-03-28,Philippine Daily Inquirer (column “With Due Respect”),,2
23,With Due Respect (Vol. 2),CHAPTER 7 Demystifying the Court,CHAPTER,,7,Demystifying the Court,,,912,vol-2/ch07_demystifying-the-court.md,yes,2010-07-04,Philippine Daily Inquirer (column “With Due Respect”),,2
24,With Due Respect (Vol. 2),CHAPTER 8 Who Will Discipline Supreme Court Justices?,CHAPTER,,8,Who Will Discipline Supreme Court Justices?,,,886,vol-2/ch08_who-will-discipline-supreme-court-justices.md,yes,2010-08-22,Philippine Daily Inquirer (column “With Due Respect”),,2
25,With Due Respect (Vol. 2),CHAPTER 9 Regaining Public Trust,CHAPTER,,9,Regaining Public Trust,,,650,vol-2/ch09_regaining-public-trust.md,yes,2010-09-05,Philippine Daily Inquirer (column “With Due Respect”),,2
26,With Due Respect (Vol. 2),CHAPTER 10 Contempt and Disciplinary Actions,CHAPTER,,10,Contempt and Disciplinary Actions,,,904,vol-2/ch10_contempt-and-disciplinary-actions.md,yes,2010-11-07,Philippine Daily Inquirer (column “With Due Respect”),,2
27,With Due Respect (Vol. 3),BOOK 3: On Legal Reform,SKIP,part divider,,,,,5,,no,,,,3
28,With Due Respect (Vol. 3),CHAPTER 1 Mediation: A Useful Tool to Unclog Dockets,CHAPTER,,1,Mediation: A Useful Tool to Unclog Dockets,,,852,vol-3/ch01_mediation-a-useful-tool-to-unclog-dockets.md,yes,2007-05-27,Philippine Daily Inquirer (column “With Due Respect”),,3
29,With Due Respect (Vol. 3),CHAPTER 2 Legal Empowerment of the Poor,CHAPTER,,2,Legal Empowerment of the Poor,,,893,vol-3/ch02_legal-empowerment-of-the-poor.md,yes,2007-07-29,Philippine Daily Inquirer (column “With Due Respect”),,3
30,With Due Respect (Vol. 3),CHAPTER 3 Role of the Judicial and Bar Council,CHAPTER,,3,Role of the Judicial and Bar Council,,,848,vol-3/ch03_role-of-the-judicial-and-bar-council.md,yes,2007-09-09,Philippine Daily Inquirer (column “With Due Respect”),,3
31,With Due Respect (Vol. 3),CHAPTER 4 Reforming the Judicial and Bar Council,CHAPTER,,4,Reforming the Judicial and Bar Council,,,847,vol-3/ch04_reforming-the-judicial-and-bar-council.md,yes,2007-09-16,Philippine Daily Inquirer (column “With Due Respect”),,3
32,With Due Respect (Vol. 3),"CHAPTER 5 How to Pass, Nay, Top the Bar Exams",CHAPTER,,5,"How to Pass, Nay, Top the Bar Exams",,,949,vol-3/ch05_how-to-pass-nay-top-the-bar-exams.md,yes,2008-04-20,Philippine Daily Inquirer (column “With Due Respect”),,3
33,With Due Respect (Vol. 3),CHAPTER 6 Responsibility for Selecting Justices,CHAPTER,,6,Responsibility for Selecting Justices,,,868,vol-3/ch06_responsibility-for-selecting-justices.md,yes,2008-10-12,Philippine Daily Inquirer (column “With Due Respect”),,3
34,With Due Respect (Vol. 3),CHAPTER 7 CJ Puno and Ombudsman Gutierrez,CHAPTER,,7,CJ Puno and Ombudsman Gutierrez,,,909,vol-3/ch07_cj-puno-and-ombudsman-gutierrez.md,yes,2009-01-25,Philippine Daily Inquirer (column “With Due Respect”),,3
35,With Due Respect (Vol. 3),CHAPTER 8 Jolting Assault on JBC,CHAPTER,,8,Jolting Assault on JBC,,,557,vol-3/ch08_jolting-assault-on-jbc.md,yes,2009-08-02,Philippine Daily Inquirer (column “With Due Respect”),,3
36,With Due Respect (Vol. 3),CHAPTER 9 Like Cory or Like Ferdie,CHAPTER,,9,Like Cory or Like Ferdie,,,134,vol-3/ch09_like-cory-or-like-ferdie.md,yes,2009-08-09,Philippine Daily Inquirer (column “With Due Respect”),,3
37,With Due Respect (Vol. 3),CHAPTER 10 Small Claims Court,CHAPTER,,10,Small Claims Court,,,880,vol-3/ch10_small-claims-court.md,yes,2010-12-12,Philippine Daily Inquirer (column “With Due Respect”),,3
38,With Due Respect (Vol. 4),BOOK 4: On Matters of Law,SKIP,part divider,,,,,6,,no,,,,4
39,With Due Respect (Vol. 4),CHAPTER 1 Two Standards of Judicial Review,CHAPTER,,1,Two Standards of Judicial Review,,,849,vol-4/ch01_two-standards-of-judicial-review.md,yes,2007-04-08,Philippine Daily Inquirer (column “With Due Respect”),,4
40,With Due Respect (Vol. 4),CHAPTER 2 Suppressing Neri's Testimony,CHAPTER,,2,Suppressing Neri's Testimony,,,846,vol-4/ch02_suppressing-neri-s-testimony.md,yes,2007-11-25,Philippine Daily Inquirer (column “With Due Respect”),,4
41,With Due Respect (Vol. 4),CHAPTER 3 Hail to the Court; A Toast to Truth,CHAPTER,,3,Hail to the Court; A Toast to Truth,,,494,vol-4/ch03_hail-to-the-court-a-toast-to-truth.md,yes,2008-02-17,Philippine Daily Inquirer (column “With Due Respect”),,4
42,With Due Respect (Vol. 4),CHAPTER 4 Should Libel be Decriminalized?,CHAPTER,,4,Should Libel be Decriminalized?,,,876,vol-4/ch04_should-libel-be-decriminalized.md,yes,2008-04-27,Philippine Daily Inquirer (column “With Due Respect”),,4
43,With Due Respect (Vol. 4),CHAPTER 5 Presidential Secrecy,CHAPTER,,5,Presidential Secrecy,,,836,vol-4/ch05_presidential-secrecy.md,yes,2008-06-08,Philippine Daily Inquirer (column “With Due Respect”),,4
44,With Due Respect (Vol. 4),CHAPTER 6 Questions on the MOA-AD Decision,CHAPTER,,6,Questions on the MOA-AD Decision,,,845,vol-4/ch06_questions-on-the-moa-ad-decision.md,yes,2008-10-26,Philippine Daily Inquirer (column “With Due Respect”),,4
45,With Due Respect (Vol. 4),"CHAPTER 7 Divorce, Pinoy Style",CHAPTER,,7,"Divorce, Pinoy Style",,,888,vol-4/ch07_divorce-pinoy-style.md,yes,2010-02-21,Philippine Daily Inquirer (column “With Due Respect”),ocr-garbled-date-line,4
46,With Due Respect (Vol. 4),CHAPTER 8 Restore Amla's Fangs,CHAPTER,,8,Restore Amla's Fangs,,,866,vol-4/ch08_restore-amla-s-fangs.md,yes,2010-07-11,Philippine Daily Inquirer (column “With Due Respect”),,4
47,With Due Respect (Vol. 4),CHAPTER 9 Invalid Plea Bargain,CHAPTER,,9,Invalid Plea Bargain,,,911,vol-4/ch09_invalid-plea-bargain.md,yes,2011-01-30,Philippine Daily Inquirer (column “With Due Respect”),,4
48,With Due Respect (Vol. 4),CHAPTER 10 Tread Cautiously and Prudently,CHAPTER,,10,Tread Cautiously and Prudently,,,879,vol-4/ch10_tread-cautiously-and-prudently.md,yes,2011-02-27,Philippine Daily Inquirer (column “With Due Respect”),,4
49,With Due Respect (Vol. 5),BOOK 5: On Election Reform,SKIP,part divider,,,,,5,,no,,,,5
50,With Due Respect (Vol. 5),CHAPTER 1 Subverting the Popular Will,CHAPTER,,1,Subverting the Popular Will,,,890,vol-5/ch01_subverting-the-popular-will.md,yes,2007-04-01,Philippine Daily Inquirer (column “With Due Respect”),,5
51,With Due Respect (Vol. 5),CHAPTER 2 Incomplete Victory,CHAPTER,,2,Incomplete Victory,,,838,vol-5/ch02_incomplete-victory.md,yes,2007-05-13,Philippine Daily Inquirer (column “With Due Respect”),,5
52,With Due Respect (Vol. 5),"CHAPTER 3 Law, Mathematics, and the Party-list System",CHAPTER,,3,"Law, Mathematics, and the Party-list System",,,856,vol-5/ch03_law-mathematics-and-the-party-list-system.md,yes,2007-07-15,Philippine Daily Inquirer (column “With Due Respect”),,5
53,With Due Respect (Vol. 5),CHAPTER 4 Criticisms of the Panganiban Formula,CHAPTER,,4,Criticisms of the Panganiban Formula,,,860,vol-5/ch04_criticisms-of-the-panganiban-formula.md,yes,2007-07-22,Philippine Daily Inquirer (column “With Due Respect”),,5
54,With Due Respect (Vol. 5),CHAPTER 5 Q&A on the Comelec Leadership,CHAPTER,,5,Q&A on the Comelec Leadership,,,804,vol-5/ch05_q-a-on-the-comelec-leadership.md,yes,2007-10-14,Philippine Daily Inquirer (column “With Due Respect”),ocr-garbled-date-line,5
55,With Due Respect (Vol. 5),CHAPTER 6 Party-list Imponderables,CHAPTER,,6,Party-list Imponderables,,,863,vol-5/ch06_party-list-imponderables.md,yes,2009-04-26,Philippine Daily Inquirer (column “With Due Respect”),,5
56,With Due Respect (Vol. 5),CHAPTER 7 Lessons in Automating Elections,CHAPTER,,7,Lessons in Automating Elections,,,833,vol-5/ch07_lessons-in-automating-elections.md,yes,2009-05-24,Philippine Daily Inquirer (column “With Due Respect”),,5
57,With Due Respect (Vol. 5),CHAPTER 8 Squandering the People's Trust,CHAPTER,,8,Squandering the People's Trust,,,892,vol-5/ch08_squandering-the-people-s-trust.md,yes,2010-01-10,Philippine Daily Inquirer (column “With Due Respect”),,5
58,With Due Respect (Vol. 5),CHAPTER 9 'Hindi Puede ang Puede na',CHAPTER,,9,'Hindi Puede ang Puede na',,,913,vol-5/ch09_hindi-puede-ang-puede-na.md,yes,2010-04-18,Philippine Daily Inquirer (column “With Due Respect”),,5
59,With Due Respect (Vol. 5),CHAPTER 10 Start Electoral Reforms Now,CHAPTER,,10,Start Electoral Reforms Now,,,850,vol-5/ch10_start-electoral-reforms-now.md,yes,2011-01-02,Philippine Daily Inquirer (column “With Due Respect”),,5
60,With Due Respect (Vol. 6),BOOK 6: On the 2010 Vote and the Aquino Presidency,SKIP,part divider,,,,,10,,no,,,,6
61,With Due Respect (Vol. 6),CHAPTER 1 Destiny and Aspiration,CHAPTER,,1,Destiny and Aspiration,,,881,vol-6/ch01_destiny-and-aspiration.md,yes,2009-09-06,Philippine Daily Inquirer (column “With Due Respect”),ocr-garbled-date-line,6
62,With Due Respect (Vol. 6),CHAPTER 2 How Do You Solve a Problem Like Estrada?,CHAPTER,,2,How Do You Solve a Problem Like Estrada?,,,898,vol-6/ch02_how-do-you-solve-a-problem-like-estrada.md,yes,2009-10-25,Philippine Daily Inquirer (column “With Due Respect”),,6
63,With Due Respect (Vol. 6),CHAPTER 3 Can the Senate Stop a GMA Holdover?,CHAPTER,,3,Can the Senate Stop a GMA Holdover?,,,900,vol-6/ch03_can-the-senate-stop-a-gma-holdover.md,yes,2010-02-07,Philippine Daily Inquirer (column “With Due Respect”),,6
64,With Due Respect (Vol. 6),CHAPTER 4 My Choices for May 10,CHAPTER,,4,My Choices for May 10,,,906,vol-6/ch04_my-choices-for-may-10.md,yes,2010-04-25,Philippine Daily Inquirer (column “With Due Respect”),,6
65,With Due Respect (Vol. 6),CHAPTER 5 How to Fight No-PROC,CHAPTER,,5,How to Fight No-PROC,,,917,vol-6/ch05_how-to-fight-no-proc.md,yes,2010-05-02,Philippine Daily Inquirer (column “With Due Respect”),,6
66,With Due Respect (Vol. 6),CHAPTER 6 Thunderous Triumph of People Power,CHAPTER,,6,Thunderous Triumph of People Power,,,878,vol-6/ch06_thunderous-triumph-of-people-power.md,yes,2010-05-16,Philippine Daily Inquirer (column “With Due Respect”),,6
67,With Due Respect (Vol. 6),CHAPTER 7 Noynoy's Most Vexing Problem,CHAPTER,,7,Noynoy's Most Vexing Problem,,,880,vol-6/ch07_noynoy-s-most-vexing-problem.md,yes,2010-05-23,Philippine Daily Inquirer (column “With Due Respect”),,6
68,With Due Respect (Vol. 6),"CHAPTER 8 Destiny and Legacy, Not Dynasty",CHAPTER,,8,"Destiny and Legacy, Not Dynasty",,,939,vol-6/ch08_destiny-and-legacy-not-dynasty.md,yes,2010-05-30,Philippine Daily Inquirer (column “With Due Respect”),,6
69,With Due Respect (Vol. 6),CHAPTER 9 Exercise in Courage,CHAPTER,,9,Exercise in Courage,,,853,vol-6/ch09_exercise-in-courage.md,yes,2010-07-18,Philippine Daily Inquirer (column “With Due Respect”),,6
70,With Due Respect (Vol. 6),CHAPTER 10 How P-Noy Can Win the Supreme Court,CHAPTER,,10,How P-Noy Can Win the Supreme Court,,,872,vol-6/ch10_how-p-noy-can-win-the-supreme-court.md,yes,2010-10-24,Philippine Daily Inquirer (column “With Due Respect”),,6
71,With Due Respect (Vol. 7),BOOK 7: Of Life and Faith,SKIP,part divider,,,,,6,,no,,,,7
72,With Due Respect (Vol. 7),CHAPTER 1 Sanctity of Life and of Marriage,CHAPTER,,1,Sanctity of Life and of Marriage,,,807,vol-7/ch01_sanctity-of-life-and-of-marriage.md,yes,2010-10-03,Philippine Daily Inquirer (column “With Due Respect”),,7
73,With Due Respect (Vol. 7),CHAPTER 2 Not Easy to be a Cabinet Member,CHAPTER,,2,Not Easy to be a Cabinet Member,,,929,vol-7/ch02_not-easy-to-be-a-cabinet-member.md,yes,2010-06-20,Philippine Daily Inquirer (column “With Due Respect”),,7
74,With Due Respect (Vol. 7),CHAPTER 3 Justice and Love on Valentine's Day,CHAPTER,,3,Justice and Love on Valentine's Day,,,987,vol-7/ch03_justice-and-love-on-valentine-s-day.md,yes,2010-02-14,Philippine Daily Inquirer (column “With Due Respect”),,7
75,With Due Respect (Vol. 7),CHAPTER 4 Awesome Gathering Power,CHAPTER,,4,Awesome Gathering Power,,,902,vol-7/ch04_awesome-gathering-power.md,yes,2009-07-05,Philippine Daily Inquirer (column “With Due Respect”),,7
76,With Due Respect (Vol. 7),CHAPTER 5 Tycoon and Philanthropist,CHAPTER,,5,Tycoon and Philanthropist,,,939,vol-7/ch05_tycoon-and-philanthropist.md,yes,2009-05-17,Philippine Daily Inquirer (column “With Due Respect”),,7
77,With Due Respect (Vol. 7),CHAPTER 6 Healing of the Heart,CHAPTER,,6,Healing of the Heart,,,951,vol-7/ch06_healing-of-the-heart.md,yes,2009-04-12,Philippine Daily Inquirer (column “With Due Respect”),,7
78,With Due Respect (Vol. 7),CHAPTER 7 Understanding China,CHAPTER,,7,Understanding China,,,899,vol-7/ch07_understanding-china.md,yes,2008-12-21,Philippine Daily Inquirer (column “With Due Respect”),,7
79,With Due Respect (Vol. 7),CHAPTER 8 Meek and Humble of Heart,CHAPTER,,8,Meek and Humble of Heart,,,974,vol-7/ch08_meek-and-humble-of-heart.md,yes,2008-08-24,Philippine Daily Inquirer (column “With Due Respect”),,7
80,With Due Respect (Vol. 7),CHAPTER 9 GMA's Legacy in Education,CHAPTER,,9,GMA's Legacy in Education,,,880,vol-7/ch09_gma-s-legacy-in-education.md,yes,2008-06-22,Philippine Daily Inquirer (column “With Due Respect”),,7
81,With Due Respect (Vol. 7),CHAPTER 10 Intangible Wealth of Nations,CHAPTER,,10,Intangible Wealth of Nations,,,899,vol-7/ch10_intangible-wealth-of-nations.md,yes,2007-12-23,Philippine Daily Inquirer (column “With Due Respect”),,7
82,With Due Respect (Vol. 7),CHAPTER 11 Soul of the Ramos Presidency,CHAPTER,,11,Soul of the Ramos Presidency,,,852,vol-7/ch11_soul-of-the-ramos-presidency.md,yes,2007-08-26,Philippine Daily Inquirer (column “With Due Respect”),,7
83,With Due Respect (Vol. 7),"CHAPTER 12 Japan, the New and the Old",CHAPTER,,12,"Japan, the New and the Old",,,909,vol-7/ch12_japan-the-new-and-the-old.md,yes,2007-06-24,Philippine Daily Inquirer (column “With Due Respect”),,7
84,With Due Respect (Vol. 7),CHAPTER 13 Why the CBCP Does Not Choose Candidates,CHAPTER,,13,Why the CBCP Does Not Choose Candidates,,,871,vol-7/ch13_why-the-cbcp-does-not-choose-candidates.md,yes,2007-03-18,Philippine Daily Inquirer (column “With Due Respect”),,7
85,With Due Respect (Vol. 7),CHAPTER 14 Jose Wright Diokno,CHAPTER,,14,Jose Wright Diokno,,,839,vol-7/ch14_jose-wright-diokno.md,yes,2007-03-04,Philippine Daily Inquirer (column “With Due Respect”),,7
86,With Due Respect (Vol. 7),CHAPTER 15 Visionary Leadership by Example,CHAPTER,,15,Visionary Leadership by Example,,,924,vol-7/ch15_visionary-leadership-by-example.md,yes,2007-02-11,Philippine Daily Inquirer (column “With Due Respect”),,7
87,With Due Respect (Vol. 7),Colophon,SKIP,publisher's note,,,,,45,,no,,,,7
88,With Due Respect (Vol. 7),Back cover blurb (quoted from the Yambot foreword),SKIP,blurb,,,,,132,,no,,,,7
